eightd_station_services,short_name,capacity,external_id,station_id,station_type,lon,electric_bike_surcharge_waiver,eightd_has_key_dispenser,has_kiosk,lat,region_id,name,legacy_id,rental_methods
[],B32006,15,f83464e4-0de8-11e7-991c-3863bb43a7d0,3,classic,-71.10061883926392,False,True,True,42.34011512249236,10,Colleges of the Fenway - Fenway at Avenue Louis Pasteur,3,"['CREDITCARD', 'KEY']"
[],C32000,19,f834658f-0de8-11e7-991c-3863bb43a7d0,4,classic,-71.069616,False,False,True,42.345392,10,Tremont St at E Berkeley St,4,"['CREDITCARD', 'KEY']"
[],B32012,15,f834662c-0de8-11e7-991c-3863bb43a7d0,5,classic,-71.090179,False,False,True,42.341814,10,Northeastern University - North Parking Lot,5,"['CREDITCARD', 'KEY']"
[],D32000,15,f83466c6-0de8-11e7-991c-3863bb43a7d0,6,classic,-71.06528744101524,False,False,True,42.36125721646537,10,Cambridge St at Joy St,6,"['CREDITCARD', 'KEY']"
[],A32000,15,f8346768-0de8-11e7-991c-3863bb43a7d0,7,classic,-71.04457139968872,False,False,True,42.3533905070523,10,Fan Pier,7,"['CREDITCARD', 'KEY']"
[],A32001,19,f8346803-0de8-11e7-991c-3863bb43a7d0,8,classic,-71.137313,False,False,True,42.353334,10,Union Square - Brighton Ave at Cambridge St,8,"['CREDITCARD', 'KEY']"
[],A32002,15,f8346894-0de8-11e7-991c-3863bb43a7d0,9,classic,-71.11903488636017,False,False,True,42.35169201885973,10,Commonwealth Ave at Agganis Way,9,"['CREDITCARD', 'KEY']"
[],A32003,11,f8346a3c-0de8-11e7-991c-3863bb43a7d0,10,classic,-71.108279,False,False,True,42.350406,10,B.U. Central - 725 Comm. Ave.,10,"['CREDITCARD', 'KEY']"
[],A32004,15,f8346ad7-0de8-11e7-991c-3863bb43a7d0,11,classic,-71.1065,False,False,True,42.338629,10,Longwood Ave at Binney St,11,"['CREDITCARD', 'KEY']"
[],B32002,26,f8346b6f-0de8-11e7-991c-3863bb43a7d0,12,classic,-71.08798563480377,False,True,True,42.33624444796878,10,Ruggles T Stop - Columbus Ave at Melnea Cass Blvd,12,"['CREDITCARD', 'KEY']"
[],C32002,19,f8346c01-0de8-11e7-991c-3863bb43a7d0,13,classic,-71.07306711393903,False,False,True,42.33639915372498,10,Boston Medical Center - E Concord St at Harrison Ave,13,"['CREDITCARD', 'KEY']"
[],B32003,25,f8346c96-0de8-11e7-991c-3863bb43a7d0,14,classic,-71.10286116600037,False,False,True,42.3374174845973,10,HMS/HSPH - Avenue Louis Pasteur at Longwood Ave,14,"['CREDITCARD', 'KEY']"
[],A32005,15,f8346d23-0de8-11e7-991c-3863bb43a7d0,15,classic,-71.13776206970215,False,False,True,42.3615457081725,10,Brighton Mills - 370 Western Ave,15,"['CREDITCARD', 'KEY']"
[],C32003,19,f8346dbd-0de8-11e7-991c-3863bb43a7d0,16,classic,-71.07657015323639,False,True,True,42.34807412317439,10,Back Bay T Stop - Dartmouth St at Stuart St,16,"['CREDITCARD', 'KEY']"
[],A32006,15,f8346e51-0de8-11e7-991c-3863bb43a7d0,17,classic,-71.1182756971175,False,False,True,42.364263440638524,10,Soldiers Field Park - 111 Western Ave,17,"['CREDITCARD', 'KEY']"
[],A32008,15,f8346f6f-0de8-11e7-991c-3863bb43a7d0,19,classic,-71.105301,False,False,True,42.347241,10,Park Dr at Buswell St,19,"['CREDITCARD', 'KEY']"
[],B32004,23,f8347002-0de8-11e7-991c-3863bb43a7d0,20,classic,-71.0514298081398,False,True,True,42.35991176110118,10,Aquarium T Stop - 200 Atlantic Ave,20,"['CREDITCARD', 'KEY']"
[],C32007,18,f834708e-0de8-11e7-991c-3863bb43a7d0,21,classic,-71.08065776545118,False,True,True,42.34652003998412,10,Prudential Center - 101 Huntington Ave,21,"['CREDITCARD', 'KEY']"
[],A32010,46,f8347118-0de8-11e7-991c-3863bb43a7d0,22,classic,-71.055547,False,True,True,42.352175,10,South Station - 700 Atlantic Ave,22,"['CREDITCARD', 'KEY']"
[],B32008,25,f83471a1-0de8-11e7-991c-3863bb43a7d0,23,classic,-71.057629,False,True,True,42.35892,10,Boston City Hall - 28 State St,23,"['CREDITCARD', 'KEY']"
[],B32007,19,f834723b-0de8-11e7-991c-3863bb43a7d0,24,classic,-71.04436084628105,False,False,True,42.35148193460858,10,Seaport Square - Seaport Blvd at Northern Ave,24,"['CREDITCARD', 'KEY']"
[],A32009,15,f83472d3-0de8-11e7-991c-3863bb43a7d0,25,classic,-71.076847,False,False,True,42.341332,10,South End Library - Tremont St at W Newton St,25,"['CREDITCARD', 'KEY']"
[],D32002,15,f8347361-0de8-11e7-991c-3863bb43a7d0,26,classic,-71.06890439987183,False,False,True,42.341574718737476,10,Washington St at Waltham St,26,"['CREDITCARD', 'KEY']"
[],C32001,23,f83473ea-0de8-11e7-991c-3863bb43a7d0,27,classic,-71.095171,False,False,True,42.331184,10,Roxbury Crossing T Stop - Columbus Ave at Tremont St,27,"['CREDITCARD', 'KEY']"
[],A32011,19,f8347a8b-0de8-11e7-991c-3863bb43a7d0,29,classic,-71.12459778785706,False,False,True,42.36371276003581,10,Innovation Lab - 125 Western Ave at Batten Way,29,"['CREDITCARD', 'KEY']"
[],B32013,15,f8347b1e-0de8-11e7-991c-3863bb43a7d0,30,classic,-71.10407917767589,False,False,True,42.33462893055976,10,Brigham Circle - Francis St at Huntington Ave,30,"['CREDITCARD', 'KEY']"
[],B32014,19,f8347ba8-0de8-11e7-991c-3863bb43a7d0,31,classic,-71.04167744055303,False,True,True,42.34881026188269,10,Seaport Hotel - Congress St at Seaport Ln,31,"['CREDITCARD', 'KEY']"
[],B32015,15,f8347c41-0de8-11e7-991c-3863bb43a7d0,32,classic,-71.10235286881107,False,False,True,42.343690557197476,10,Landmark Center - Brookline Ave at Park Dr,32,"['CREDITCARD', 'KEY']"
[],B32010,26,f8347ccd-0de8-11e7-991c-3863bb43a7d0,33,classic,-71.097009,False,True,True,42.348706,10,Kenmore Square,33,"['CREDITCARD', 'KEY']"
[],D32004,31,f8347ded-0de8-11e7-991c-3863bb43a7d0,35,classic,-71.0582291708306,False,False,True,42.355335019412564,10,Arch St at Franklin St,35,"['CREDITCARD', 'KEY']"
[],D32005,32,f8347e78-0de8-11e7-991c-3863bb43a7d0,36,classic,-71.07739206866427,False,True,True,42.34992828230057,10,Copley Square - Dartmouth St at Boylston St,36,"['CREDITCARD', 'KEY']"
[],D32001,15,f8347f09-0de8-11e7-991c-3863bb43a7d0,37,classic,-71.14673539996147,False,True,True,42.35732921867706,10,New Balance - 20 Guest St,37,"['CREDITCARD', 'KEY']"
[],C32006,27,f8348021-0de8-11e7-991c-3863bb43a7d0,39,classic,-71.07404083013535,False,False,True,42.338514601785995,10,Washington St at Rutland St,39,"['CREDITCARD', 'KEY']"
[],D32006,19,f83480a9-0de8-11e7-991c-3863bb43a7d0,40,classic,-71.050877,False,False,True,42.363871,10,Lewis Wharf at Atlantic Ave,40,"['CREDITCARD', 'KEY']"
[],A32012,27,f8348136-0de8-11e7-991c-3863bb43a7d0,41,classic,-71.123831,False,True,True,42.352261,10,Packard's Corner - Commonwealth Ave at Brighton Ave,41,"['CREDITCARD', 'KEY']"
[],D32007,31,f83481c5-0de8-11e7-991c-3863bb43a7d0,42,classic,-71.07060294892108,False,False,True,42.35200960743121,10,Boylston St at Arlington St,42,"['CREDITCARD', 'KEY']"
[],D32008,14,f834824e-0de8-11e7-991c-3863bb43a7d0,43,classic,-71.050699,False,True,True,42.357143,10,Rowes Wharf at Atlantic Ave,43,"['CREDITCARD', 'KEY']"
[],D32009,23,f83482d2-0de8-11e7-991c-3863bb43a7d0,44,classic,-71.05752243543975,False,False,True,42.36041774637169,10,Congress St at Boston City Hall,44,"['CREDITCARD', 'KEY']"
[],B32005,19,f83483f3-0de8-11e7-991c-3863bb43a7d0,46,classic,-71.08582377433777,False,False,True,42.3436658245146,10,Christian Science Plaza - Massachusetts Ave at Westland Ave,46,"['CREDITCARD', 'KEY']"
[],D32010,19,f8348481-0de8-11e7-991c-3863bb43a7d0,47,classic,-71.056067,False,False,True,42.362811,10,Cross St at Hanover St,47,"['CREDITCARD', 'KEY']"
[],D32012,19,f8348509-0de8-11e7-991c-3863bb43a7d0,48,classic,-71.05459745998814,False,False,True,42.35585435522005,10,Post Office Square,48,"['CREDITCARD', 'KEY']"
[],D32011,17,f8348598-0de8-11e7-991c-3863bb43a7d0,49,classic,-71.066289,False,True,True,42.351146,10,Stuart St at Charles St,49,"['CREDITCARD', 'KEY']"
[],D32013,15,f8348622-0de8-11e7-991c-3863bb43a7d0,50,classic,-71.07329249382019,False,False,True,42.3511419825475,10,Boylston St at Berkeley St,50,"['CREDITCARD', 'KEY']"
[],C32005,15,f83486ab-0de8-11e7-991c-3863bb43a7d0,51,classic,-71.07903778553009,False,False,True,42.3350989929096,10,Washington St at Lenox St,51,"['CREDITCARD', 'KEY']"
[],B32000,23,f8348719-0de8-11e7-991c-3863bb43a7d0,52,classic,-71.085954,False,False,True,42.348717,10,Newbury St at Hereford St,52,"['CREDITCARD', 'KEY']"
[],B32016,19,f8348781-0de8-11e7-991c-3863bb43a7d0,53,classic,-71.0898108780384,False,False,True,42.35082680669095,10,Beacon St at Massachusetts Ave,53,"['CREDITCARD', 'KEY']"
[],D32014,15,f83487f0-0de8-11e7-991c-3863bb43a7d0,54,classic,-71.063348,False,False,True,42.354979,10,Tremont St at West St,54,"['CREDITCARD', 'KEY']"
[],B32018,15,f8348857-0de8-11e7-991c-3863bb43a7d0,55,classic,-71.08678414955648,False,False,True,42.34740620525209,10,Boylston St at Massachusetts Ave,55,"['CREDITCARD', 'KEY']"
[],B32017,18,f83488be-0de8-11e7-991c-3863bb43a7d0,56,classic,-71.08386572459494,False,True,True,42.329842993518085,10,Dudley Square - Bolling Building,56,"['CREDITCARD', 'KEY']"
[],C32004,14,f8348924-0de8-11e7-991c-3863bb43a7d0,57,classic,-71.0816197,False,True,True,42.340814,10,Massachusetts Ave at Columbus Ave,57,"['CREDITCARD', 'KEY']"
[],D32017,19,f8348995-0de8-11e7-991c-3863bb43a7d0,58,classic,-71.07286870479584,False,True,True,42.355536284897084,10,Mugar Way at Beacon St,58,"['CREDITCARD', 'KEY']"
[],D32015,19,f83489ff-0de8-11e7-991c-3863bb43a7d0,59,classic,-71.059367,False,True,True,42.351356,10,Chinatown Gate Plaza,59,"['CREDITCARD', 'KEY']"
[],D32016,19,f8348a68-0de8-11e7-991c-3863bb43a7d0,60,classic,-71.07118962337152,False,False,True,42.36079296858265,10,Charles Circle - Charles St at Cambridge St,60,"['CREDITCARD', 'KEY']"
[],C32008,3,f8349070-0de8-11e7-991c-3863bb43a7d0,61,classic,-71.08192384243011,False,False,True,42.34908155168097,10,Boylston St at Fairfield St,61,"['CREDITCARD', 'KEY']"
[],C32009,15,f834916a-0de8-11e7-991c-3863bb43a7d0,63,classic,-71.05737626552582,False,False,True,42.344040510016356,10,Dorchester Ave at Gillette Park,63,"['CREDITCARD', 'KEY']"
[],C32010,19,f83491d4-0de8-11e7-991c-3863bb43a7d0,64,classic,-71.04930013418198,False,False,True,42.351004495946704,10,Congress St at Sleeper St,64,"['CREDITCARD', 'KEY']"
[],D32018,23,f834923d-0de8-11e7-991c-3863bb43a7d0,65,classic,-71.0453599691391,False,False,True,42.347763454147454,10,Boston Convention and Exhibition Center - Summer St at West Side Dr,65,"['CREDITCARD', 'KEY']"
[],A32017,15,f83492b4-0de8-11e7-991c-3863bb43a7d0,66,classic,-71.13275302578586,False,False,True,42.34922469338298,10,Commonwealth Ave at Griggs St,66,"['CREDITCARD', 'KEY']"
[],M32006,27,f83493c0-0de8-11e7-991c-3863bb43a7d0,67,classic,-71.093198,False,True,True,42.3581,8,MIT at Mass Ave / Amherst St,67,"['CREDITCARD', 'KEY']"
[],M32011,19,f8349440-0de8-11e7-991c-3863bb43a7d0,68,classic,-71.1031,False,True,True,42.36507,8,Central Square at Mass Ave / Essex St,68,"['CREDITCARD', 'KEY']"
[],K32001,19,f83494b4-0de8-11e7-991c-3863bb43a7d0,69,classic,-71.123338,False,True,True,42.341598,4,Coolidge Corner - Beacon St at Centre St,69,"['CREDITCARD', 'KEY']"
[],M32016,23,f834952a-0de8-11e7-991c-3863bb43a7d0,70,classic,-71.12188071012497,False,False,True,42.3722168027866,8,Harvard Kennedy School at Bennett St / Eliot St,70,"['CREDITCARD', 'KEY']"
[],S32004,23,f8349599-0de8-11e7-991c-3863bb43a7d0,71,classic,-71.10853672027588,False,False,True,42.383638948222654,9,Conway Park - Somerville Avenue,71,"['CREDITCARD', 'KEY']"
[],M32003,23,f8349672-0de8-11e7-991c-3863bb43a7d0,72,classic,-71.0831107199192,False,False,True,42.36224178650923,8,One Broadway / Kendall Sq at Main St / 3rd St,72,"['CREDITCARD', 'KEY']"
[],M32017,15,f8349745-0de8-11e7-991c-3863bb43a7d0,73,classic,-71.12098601080106,False,False,True,42.373328798874056,8,Harvard Square at Brattle St / Eliot St,73,"['CREDITCARD', 'KEY']"
[],M32018,19,f83497b9-0de8-11e7-991c-3863bb43a7d0,74,classic,-71.118579,False,True,True,42.373268,8,Harvard Square at Mass Ave/ Dunster,74,"['CREDITCARD', 'KEY']"
[],M32009,15,f8349824-0de8-11e7-991c-3863bb43a7d0,75,classic,-71.10057324171066,False,False,True,42.36346469304347,8,Lafayette Square at Mass Ave / Main St / Columbia St,75,"['CREDITCARD', 'KEY']"
[],M32012,17,f8349b20-0de8-11e7-991c-3863bb43a7d0,76,classic,-71.105495,False,False,True,42.366426,8,Central Sq Post Office / Cambridge City Hall at Mass Ave / Pleasant St,76,"['CREDITCARD', 'KEY']"
[],S32001,19,f8349ba9-0de8-11e7-991c-3863bb43a7d0,77,classic,-71.09812,False,False,True,42.386844,9,Somerville City Hall,77,"['CREDITCARD', 'KEY']"
[],S32002,19,f8349c69-0de8-11e7-991c-3863bb43a7d0,78,classic,-71.09540475672475,False,False,True,42.37964789967527,9,Union Square - Somerville,78,"['CREDITCARD', 'KEY']"
[],S32003,19,f8349d6e-0de8-11e7-991c-3863bb43a7d0,79,classic,-71.10707223415375,False,False,True,42.37875351212593,9,Beacon St at Washington / Kirkland,79,"['CREDITCARD', 'KEY']"
[],M32005,35,f8349de4-0de8-11e7-991c-3863bb43a7d0,80,classic,-71.09115600585936,False,False,True,42.3621312344991,8,MIT Stata Center at Vassar St / Main St,80,"['CREDITCARD', 'KEY']"
[],D32019,19,f8349e56-0de8-11e7-991c-3863bb43a7d0,81,classic,-71.062679,False,False,True,42.352409,10,Chinatown T Stop,81,"['CREDITCARD', 'KEY']"
[],K32002,15,f8349ed6-0de8-11e7-991c-3863bb43a7d0,82,classic,-71.13894682028331,False,False,True,42.33826680058037,4,Beacon St at Tappan St,82,"['CREDITCARD', 'KEY']"
[],M32019,15,f834a1de-0de8-11e7-991c-3863bb43a7d0,84,classic,-71.07679277658461,False,False,True,42.367074071490926,8,CambridgeSide Galleria - CambridgeSide PL at Land Blvd,84,"['CREDITCARD', 'KEY']"
[],D32023,19,f834a2a8-0de8-11e7-991c-3863bb43a7d0,85,classic,-71.048927,False,False,True,42.378338,10,Spaulding Rehabilitation Hospital - Charlestown Navy Yard,85,"['CREDITCARD', 'KEY']"
[],K32003,19,f834a32d-0de8-11e7-991c-3863bb43a7d0,86,classic,-71.11626680949485,False,False,True,42.33274392304887,4,Brookline Village - Station Street at MBTA,86,"['CREDITCARD', 'KEY']"
[],M32014,15,f834a3a0-0de8-11e7-991c-3863bb43a7d0,87,classic,-71.114214,False,False,True,42.366621,8,Harvard University Housing - 115 Putnam Ave at Peabody Terrace,87,"['CREDITCARD', 'KEY']"
[],M32020,19,f834a67b-0de8-11e7-991c-3863bb43a7d0,89,classic,-71.119945,False,False,True,42.379011,8,Harvard Law School at Mass Ave / Jarvis St,89,"['CREDITCARD', 'KEY']"
[],M32001,19,f834a6f9-0de8-11e7-991c-3863bb43a7d0,90,classic,-71.076529,False,False,True,42.370677,8,Lechmere Station at Cambridge St / First St,90,"['CREDITCARD', 'KEY']"
[],M32002,19,f834a7d1-0de8-11e7-991c-3863bb43a7d0,91,classic,-71.09169,False,False,True,42.366277,8,One Kendall Square at Hampshire St / Portland St,91,"['CREDITCARD', 'KEY']"
[],C32014,19,f834a838-0de8-11e7-991c-3863bb43a7d0,92,classic,-71.03648586203235,False,False,True,42.31218918475612,10,University of Massachusetts Boston - Campus Center,92,"['CREDITCARD', 'KEY']"
[],C32013,15,f834a8a0-0de8-11e7-991c-3863bb43a7d0,93,classic,-71.05118036270142,False,False,True,42.32033973515723,10,JFK/UMass T Stop,93,"['CREDITCARD', 'KEY']"
[],D32020,11,f834a959-0de8-11e7-991c-3863bb43a7d0,94,classic,-71.064608,False,False,True,42.375603,10,Main St at Austin St,94,"['CREDITCARD', 'KEY']"
[],M32007,15,f834ab92-0de8-11e7-991c-3863bb43a7d0,95,classic,-71.094445,False,False,True,42.372969,8,Cambridge St - at Columbia St / Webster Ave,95,"['CREDITCARD', 'KEY']"
[],M32013,19,f834abfd-0de8-11e7-991c-3863bb43a7d0,96,classic,-71.111075,False,False,True,42.373379,8,Cambridge Main Library at Broadway / Trowbridge St,96,"['CREDITCARD', 'KEY']"
[],M32038,19,f834b101-0de8-11e7-991c-3863bb43a7d0,97,classic,-71.11687034368515,False,False,True,42.369239074859216,8,Harvard University River Houses at DeWolfe St / Cowperthwaite St,97,"['CREDITCARD', 'KEY']"
[],D32021,23,f834b183-0de8-11e7-991c-3863bb43a7d0,98,classic,-71.060292,False,True,True,42.371848,10,Warren St at Chelsea St,98,"['CREDITCARD', 'KEY']"
[],S32005,15,f834b1ed-0de8-11e7-991c-3863bb43a7d0,99,classic,-71.11412136298895,False,False,True,42.38567578752914,9,Wilson Square,99,"['CREDITCARD', 'KEY']"
[],S32006,25,f834b42d-0de8-11e7-991c-3863bb43a7d0,100,classic,-71.123024,False,True,True,42.396969,9,Davis Square,100,"['CREDITCARD', 'KEY']"
[],S32007,19,f834b49d-0de8-11e7-991c-3863bb43a7d0,101,classic,-71.11102235516228,False,False,True,42.39920335720869,9,Ball Sq,101,"['CREDITCARD', 'KEY']"
[],S32008,15,f834b50a-0de8-11e7-991c-3863bb43a7d0,102,classic,-71.116772,False,False,True,42.400877,9,Powder House Circle - Nathan Tufts Park,102,"['CREDITCARD', 'KEY']"
[],K32004,15,f834b5d9-0de8-11e7-991c-3863bb43a7d0,103,classic,-71.1283321143128,False,False,True,42.346551241753566,4,JFK Crossing at Harvard St. / Thorndike St.,103,"['CREDITCARD', 'KEY']"
[],M32024,19,f834b652-0de8-11e7-991c-3863bb43a7d0,104,classic,-71.125107,False,False,True,42.380287,8,Harvard University Radcliffe Quadrangle at Shepard St / Garden St,104,"['CREDITCARD', 'KEY']"
[],M32022,19,f834b8b3-0de8-11e7-991c-3863bb43a7d0,105,classic,-71.1138716340065,False,False,True,42.357218503176526,8,Lower Cambridgeport at Magazine St / Riverside Rd,105,"['CREDITCARD', 'KEY']"
[],C32015,0,f834b928-0de8-11e7-991c-3863bb43a7d0,106,classic,-71.075354,False,False,True,42.325333,10,Dudley Town Common - Mt Pleasant Ave at Blue Hill Ave,106,"['CREDITCARD', 'KEY']"
[],M32037,19,f834b99d-0de8-11e7-991c-3863bb43a7d0,107,classic,-71.08822,False,False,True,42.3625,8,Ames St at Main St,107,"['CREDITCARD', 'KEY']"
[],M32023,17,f834ba08-0de8-11e7-991c-3863bb43a7d0,108,classic,-71.116865,False,False,True,42.377945,8,Harvard University / SEAS Cruft-Pierce Halls at 29 Oxford St,108,"['CREDITCARD', 'KEY']"
[],D32022,35,f834bbdd-0de8-11e7-991c-3863bb43a7d0,109,classic,-71.06446668505669,False,False,True,42.36590788445084,10,West End Park,109,"['CREDITCARD', 'KEY']"
[],M32021,15,f834c5c9-0de8-11e7-991c-3863bb43a7d0,110,classic,-71.114025,False,False,True,42.376369,8,Harvard University Gund Hall at Quincy St / Kirkland St,110,"['CREDITCARD', 'KEY']"
[],S32009,15,f834c6f5-0de8-11e7-991c-3863bb43a7d0,111,classic,-71.123413,False,False,True,42.40449,9,Packard Ave at Powderhouse Blvd,111,"['CREDITCARD', 'KEY']"
[],S32010,15,f834c7a9-0de8-11e7-991c-3863bb43a7d0,112,classic,-71.132446,False,False,True,42.406302,9,Clarendon Hill at Broadway,112,"['CREDITCARD', 'KEY']"
[],C32012,15,f834ca55-0de8-11e7-991c-3863bb43a7d0,113,classic,-71.05699850837482,False,False,True,42.33073332585453,10,Andrew T Stop - Dorchester Ave at Dexter St,113,"['CREDITCARD', 'KEY']"
[],S32011,15,f834caf2-0de8-11e7-991c-3863bb43a7d0,114,classic,-71.12590793383788,False,False,True,42.40087950159558,9,Teele Square,114,"['CREDITCARD', 'KEY']"
[],M32029,19,f834cb89-0de8-11e7-991c-3863bb43a7d0,115,classic,-71.119084,False,False,True,42.387995,8,Porter Square Station,115,"['CREDITCARD', 'KEY']"
[],M32026,23,f834cf45-0de8-11e7-991c-3863bb43a7d0,116,classic,-71.104412,False,False,True,42.370803,8,359 Broadway - Broadway at Fayette Street,116,"['CREDITCARD', 'KEY']"
[],M32027,19,f834cfd8-0de8-11e7-991c-3863bb43a7d0,117,classic,-71.08633603909765,False,False,True,42.36608797388682,8,Binney St / Sixth St,117,"['CREDITCARD', 'KEY']"
[],M32025,19,f834d064-0de8-11e7-991c-3863bb43a7d0,118,classic,-71.130516,False,False,True,42.397828,8,Linear Park - Mass. Ave. at Cameron Ave. ,118,"['CREDITCARD', 'KEY']"
[],C32017,15,f834d260-0de8-11e7-991c-3863bb43a7d0,119,classic,-71.03877,False,False,True,42.335741,10,South Boston Library - 646 E Broadway,119,"['CREDITCARD', 'KEY']"
[],D32024,19,f834d34b-0de8-11e7-991c-3863bb43a7d0,120,classic,-71.069849,False,False,True,42.356052,10,Beacon St at Charles St,120,"['CREDITCARD', 'KEY']"
[],C32016,17,f834db9b-0de8-11e7-991c-3863bb43a7d0,121,classic,-71.04622899561036,False,False,True,42.335958979433094,10,W Broadway at Dorchester St,121,"['CREDITCARD', 'KEY']"
[],B32020,15,f834dc46-0de8-11e7-991c-3863bb43a7d0,122,classic,-71.100694,False,False,True,42.345733,10,Burlington Ave at Brookline Ave,122,"['CREDITCARD', 'KEY']"
[],E32001,15,f834dedf-0de8-11e7-991c-3863bb43a7d0,124,classic,-71.11543,False,False,True,42.309054,10,Curtis Hall - South St at Centre St,124,"['CREDITCARD', 'KEY']"
[],E32003,15,f834e1b2-0de8-11e7-991c-3863bb43a7d0,125,classic,-71.10984160567114,False,False,True,42.32176525723952,10,Hyde Square - Barbara St at Centre St,125,"['CREDITCARD', 'KEY']"
[],E32004,15,f834e244-0de8-11e7-991c-3863bb43a7d0,126,classic,-71.098634,False,False,True,42.315692,10,Egleston Square - Atherton St at Washington St,126,"['CREDITCARD', 'KEY']"
[],C32018,19,f834e534-0de8-11e7-991c-3863bb43a7d0,128,classic,-71.06198,False,False,True,42.320561,10,E Cottage St at Columbia Rd,128,"['CREDITCARD', 'KEY']"
[],D32026,19,f834e75d-0de8-11e7-991c-3863bb43a7d0,129,classic,-71.056605,False,False,True,42.377022,10,Hayes Square - Vine St at Moulton St,129,"['CREDITCARD', 'KEY']"
[],C32019,15,f834ea45-0de8-11e7-991c-3863bb43a7d0,130,classic,-71.06537003967787,False,False,True,42.31727474327453,10,Uphams Corner,130,"['CREDITCARD', 'KEY']"
[],E32006,18,f834ec42-0de8-11e7-991c-3863bb43a7d0,131,classic,-71.10014140605927,False,True,True,42.32293117195949,10,Jackson Square T Stop,131,"['CREDITCARD', 'KEY']"
[],E32005,23,f834f036-0de8-11e7-991c-3863bb43a7d0,133,classic,-71.107341,False,False,True,42.310579,10,Green Street T Stop - Green St at Amory St,133,"['CREDITCARD', 'KEY']"
[],C32020,17,f834f6a3-0de8-11e7-991c-3863bb43a7d0,135,classic,-71.028664,False,False,True,42.344827,10,ID Building East,135,"['CREDITCARD', 'KEY']"
[],C32021,19,f834f814-0de8-11e7-991c-3863bb43a7d0,136,classic,-71.031614,False,False,True,42.344796,10,ID Building West,136,"['CREDITCARD', 'KEY']"
[],S32013,19,f834f8ca-0de8-11e7-991c-3863bb43a7d0,137,classic,-71.10594004465383,False,False,True,42.39778339961249,9,Magoun Square at Trum Field,137,"['CREDITCARD', 'KEY']"
[],C32022,15,f834f948-0de8-11e7-991c-3863bb43a7d0,138,classic,-71.066498,False,False,True,42.326599,10,Newmarket Square T Stop - Massachusetts Ave at Newmarket Square,138,"['CREDITCARD', 'KEY']"
[],M32030,19,f834fb66-0de8-11e7-991c-3863bb43a7d0,139,classic,-71.10809952020645,False,False,True,42.361780439606044,8,Dana Park,139,"['CREDITCARD', 'KEY']"
[],M32031,17,f834fc57-0de8-11e7-991c-3863bb43a7d0,140,classic,-71.132788,False,False,True,42.388966,8,Danehy Park,140,"['CREDITCARD', 'KEY']"
[],M32032,15,f834fcbe-0de8-11e7-991c-3863bb43a7d0,141,classic,-71.08216792345047,False,False,True,42.363560158429884,8,Kendall Street,141,"['CREDITCARD', 'KEY']"
[],M32033,23,f834fd36-0de8-11e7-991c-3863bb43a7d0,142,classic,-71.139459,False,False,True,42.396105,8,Alewife Station at Russell Field,142,"['CREDITCARD', 'KEY']"
[],M32034,23,f834fda2-0de8-11e7-991c-3863bb43a7d0,143,classic,-71.069957,False,False,True,42.369885,8,EF - North Point Park,143,"['CREDITCARD', 'KEY']"
[],M32035,19,f834fede-0de8-11e7-991c-3863bb43a7d0,144,classic,-71.07654601335526,False,False,True,42.366446738529454,8,Rogers St & Land Blvd,144,"['CREDITCARD', 'KEY']"
[],M32036,19,f834ff5a-0de8-11e7-991c-3863bb43a7d0,145,classic,-71.129042,False,False,True,42.392766,8,Rindge Avenue - O'Neill Library,145,"['CREDITCARD', 'KEY']"
[],C32023,19,f834ffc9-0de8-11e7-991c-3863bb43a7d0,146,classic,-71.023739,False,False,True,42.336448,10,Murphy Skating Rink - 1880 Day Blvd,146,"['CREDITCARD', 'KEY']"
[],A32019,17,f8350129-0de8-11e7-991c-3863bb43a7d0,149,classic,-71.129164,False,True,True,42.363796,10,175 N Harvard St,149,"['CREDITCARD', 'KEY']"
[],C32024,19,f8350199-0de8-11e7-991c-3863bb43a7d0,150,classic,-71.052608,False,False,True,42.344137,10,State Street at Channel Center,150,"['CREDITCARD', 'KEY']"
[],A32013,19,f8350204-0de8-11e7-991c-3863bb43a7d0,151,classic,-71.052163,False,False,True,42.358155,10,Surface Rd at India St,151,"['CREDITCARD', 'KEY']"
[],C32025,27,f835027c-0de8-11e7-991c-3863bb43a7d0,152,classic,-71.063187,False,True,True,42.345901,10,Ink Block - Harrison Ave at Herald St,152,"['CREDITCARD', 'KEY']"
[],S32020,15,f835043d-0de8-11e7-991c-3863bb43a7d0,156,classic,-71.10856622457504,False,False,True,42.390446216041305,9,Somerville Hospital,156,"['CREDITCARD', 'KEY']"
[],C32036,15,f8350a84-0de8-11e7-991c-3863bb43a7d0,157,classic,-71.04817356923377,False,False,True,42.35317809186252,10,Seaport Blvd at Sleeper St,157,"['CREDITCARD', 'KEY']"
[],E32007,15,f8350b76-0de8-11e7-991c-3863bb43a7d0,159,classic,-71.11089169979095,False,False,True,42.32760387040573,10,S Huntington Ave at Heath St,159,"['CREDITCARD', 'KEY']"
[],B32021,14,f8350be5-0de8-11e7-991c-3863bb43a7d0,160,classic,-71.09627097845076,False,True,True,42.33758601097239,10,Wentworth Institute of Technology - Huntington Ave at Vancouver St,160,"['CREDITCARD', 'KEY']"
[],C32029,23,f8350c56-0de8-11e7-991c-3863bb43a7d0,161,classic,-71.0514432,False,True,True,42.3391085,10,W Broadway at D St,161,"['CREDITCARD', 'KEY']"
[],C32027,15,f8350cc1-0de8-11e7-991c-3863bb43a7d0,162,classic,-71.092225,False,False,True,42.309796,10,Franklin Park - Seaver St at Humboldt Ave,162,"['CREDITCARD', 'KEY']"
[],C32028,19,f8350d30-0de8-11e7-991c-3863bb43a7d0,163,classic,-71.044024,False,True,True,42.344792,10,The Lawn on D,163,"['CREDITCARD', 'KEY']"
[],C32031,0,f8350ecf-0de8-11e7-991c-3863bb43a7d0,167,classic,-71.056664,False,False,True,42.317642,10,Ryan Playground - Dorchester Ave at Harbor View St,167,"['CREDITCARD', 'KEY']"
[],A32022,19,f8351019-0de8-11e7-991c-3863bb43a7d0,169,classic,-71.068607,False,False,True,42.378965,10,Edwards Playground - Main St at Eden St,169,"['CREDITCARD', 'KEY']"
[],C32030,13,f835108b-0de8-11e7-991c-3863bb43a7d0,170,classic,-71.085347,False,True,True,42.303469,10,Franklin Park Zoo - Franklin Park Rd at Blue Hill Ave,170,"['CREDITCARD', 'KEY']"
[],A32023,23,f83510fd-0de8-11e7-991c-3863bb43a7d0,171,classic,-71.06905996799469,False,True,True,42.37408991426522,10,Bunker Hill Community College,171,"['CREDITCARD', 'KEY']"
[],C32033,14,f83511d4-0de8-11e7-991c-3863bb43a7d0,173,classic,-71.0539,False,True,True,42.3106,10,Savin Hill T Stop - S Sydney St at Bay St,173,"['CREDITCARD', 'KEY']"
[],D32029,15,f8351255-0de8-11e7-991c-3863bb43a7d0,174,classic,-71.16031676530838,False,False,True,42.3489528466951,10,Washington St at Brock St,174,"['CREDITCARD', 'KEY']"
[],D32028,16,f83512c9-0de8-11e7-991c-3863bb43a7d0,175,classic,-71.15027189254761,False,True,True,42.34894857235593,10,Brighton Center - Washington St at Cambridge St,175,"['CREDITCARD', 'KEY']"
[],M32039,15,f8351336-0de8-11e7-991c-3863bb43a7d0,176,classic,-71.11901879310608,False,False,True,42.38674802045056,8,Lesley University,176,"['CREDITCARD', 'KEY']"
[],M32040,19,f83513a7-0de8-11e7-991c-3863bb43a7d0,177,classic,-71.10006093978882,False,False,True,42.36264779118595,8,University Park,177,"['CREDITCARD', 'KEY']"
[],M32041,19,f835141c-0de8-11e7-991c-3863bb43a7d0,178,classic,-71.10129475593567,False,False,True,42.35957320109044,8,MIT Pacific St at Purrington St,178,"['CREDITCARD', 'KEY']"
[],M32042,53,f8351490-0de8-11e7-991c-3863bb43a7d0,179,classic,-71.10394477844238,False,False,True,42.355601213279265,8,MIT Vassar St,179,"['CREDITCARD', 'KEY']"
[],M32043,19,f83514f9-0de8-11e7-991c-3863bb43a7d0,180,classic,-71.13320231437683,False,False,True,42.37478628706384,8,Mt Auburn,180,"['CREDITCARD', 'KEY']"
[],M32044,19,f8351569-0de8-11e7-991c-3863bb43a7d0,181,classic,-71.13426981498378,False,False,True,42.381650612901176,8,Huron Ave At Vassal Lane,181,"['CREDITCARD', 'KEY']"
[],M32045,19,f83515d8-0de8-11e7-991c-3863bb43a7d0,182,classic,-71.07116281986237,False,True,True,42.36769018024484,8,Museum of Science,182,"['CREDITCARD', 'KEY']"
[],M32046,19,f8351649-0de8-11e7-991c-3863bb43a7d0,183,classic,-71.14260613918304,False,False,True,42.395588457167094,8,Alewife MBTA at Steel Place,183,"['CREDITCARD', 'KEY']"
[],M32047,19,f83516b8-0de8-11e7-991c-3863bb43a7d0,184,classic,-71.10393404960632,False,False,True,42.35775309465199,8,Sidney Research Campus/Erie Street at Waverly,184,"['CREDITCARD', 'KEY']"
[],M32048,15,f8351726-0de8-11e7-991c-3863bb43a7d0,185,classic,-71.08277142047882,False,False,True,42.36544486137399,8,Third at Binney,185,"['CREDITCARD', 'KEY']"
[],C32032,15,f8351791-0de8-11e7-991c-3863bb43a7d0,186,classic,-71.03764,False,False,True,42.3481,10,Congress St at Northern Ave,186,"['CREDITCARD', 'KEY']"
[],K32009,15,f83517fa-0de8-11e7-991c-3863bb43a7d0,187,classic,-71.1253622174263,False,False,True,42.32784317478686,4,Cypress St at Clark Playground,187,"['CREDITCARD', 'KEY']"
[],S32015,15,f8351dc2-0de8-11e7-991c-3863bb43a7d0,188,classic,-71.09039425849915,False,False,True,42.39108438146733,9,Foss Park,188,"['CREDITCARD', 'KEY']"
[],M32004,23,f8351e42-0de8-11e7-991c-3863bb43a7d0,189,classic,-71.08495473861694,False,True,True,42.362427842912396,8,Kendall T,189,"['CREDITCARD', 'KEY']"
[],A32025,36,f8351eb0-0de8-11e7-991c-3863bb43a7d0,190,classic,-71.064263,False,True,True,42.365673,10,Nashua Street at Red Auerbach Way,190,"['CREDITCARD', 'KEY']"
[],K32008,15,f8351f1d-0de8-11e7-991c-3863bb43a7d0,191,classic,-71.1268836054569,False,False,True,42.331370168043215,4,Tappan St at Brookline Hills MBTA,191,"['CREDITCARD', 'KEY']"
[],A32026,19,f8351f87-0de8-11e7-991c-3863bb43a7d0,192,classic,-71.053181,False,False,True,42.354659,10,Purchase St at Pearl St,192,"['CREDITCARD', 'KEY']"
[],K32005,15,f8351ff1-0de8-11e7-991c-3863bb43a7d0,193,classic,-71.12046446660315,False,True,True,42.33376472623494,4,Brookline Town Hall,193,"['CREDITCARD', 'KEY']"
[],S32014,19,f8352068-0de8-11e7-991c-3863bb43a7d0,194,classic,-71.07828140258789,False,False,True,42.386141411639564,9,Broadway St at Mt Pleasant St,194,"['CREDITCARD', 'KEY']"
[],M32049,23,f83520d8-0de8-11e7-991c-3863bb43a7d0,195,classic,-71.07200495972165,False,False,True,42.371976784679745,8,Child Street at Brian P. Murphy Staircase,195,"['CREDITCARD', 'KEY']"
[],B32022,10,f8352150-0de8-11e7-991c-3863bb43a7d0,196,classic,-71.08243077993393,False,True,True,42.31787329345602,10,Roxbury YMCA - Warren St at MLK Blvd,196,"['CREDITCARD', 'KEY']"
[],B32023,15,f8352219-0de8-11e7-991c-3863bb43a7d0,197,classic,-71.09126061201096,False,False,True,42.32143814183195,10,MLK Blvd at Washington St,197,"['CREDITCARD', 'KEY']"
[],B32025,0,f8352306-0de8-11e7-991c-3863bb43a7d0,199,classic,-71.0697814822197,False,False,True,42.318697341722434,10,Uphams Corner T Stop - Magnolia St at Dudley St,199,"['CREDITCARD', 'KEY']"
[],B32026,19,f8352378-0de8-11e7-991c-3863bb43a7d0,200,classic,-71.081198,False,False,True,42.332817,10,Washington St at Melnea Cass Blvd,200,"['CREDITCARD', 'KEY']"
[],B32027,15,f83523e3-0de8-11e7-991c-3863bb43a7d0,201,classic,-71.091946,False,False,True,42.316902,10,NCAAA - Walnut Ave at Crawford St,201,"['CREDITCARD', 'KEY']"
[],B32028,15,f835244e-0de8-11e7-991c-3863bb43a7d0,202,classic,-71.080952,False,False,True,42.30791,10,Grove Hall Library - 41 Geneva Ave,202,"['CREDITCARD', 'KEY']"
[],B32029,15,f83524c0-0de8-11e7-991c-3863bb43a7d0,203,classic,-71.0729,False,False,True,42.309572,10,Columbia Rd at Ceylon St,203,"['CREDITCARD', 'KEY']"
[],B32030,0,f8352534-0de8-11e7-991c-3863bb43a7d0,204,classic,-71.083235,False,False,True,42.324081,10,Walnut Ave at Warren St,204,"['CREDITCARD', 'KEY']"
[],B32031,15,f835259f-0de8-11e7-991c-3863bb43a7d0,205,classic,-71.06512248516083,False,False,True,42.30785224238503,10,Bowdoin St at Quincy St,205,"['CREDITCARD', 'KEY']"
[],B32032,35,f835260c-0de8-11e7-991c-3863bb43a7d0,206,classic,-71.05979576244862,False,True,True,42.3598253979878,10,Government Center - Cambridge St at Court St,206,"['CREDITCARD', 'KEY']"
[],D32031,15,f835288a-0de8-11e7-991c-3863bb43a7d0,208,classic,-71.166491,False,True,True,42.35057,10,Oak Square - 615 Washington St,208,"['CREDITCARD', 'KEY']"
[],A32028,15,f8352973-0de8-11e7-991c-3863bb43a7d0,210,classic,-71.01619094610214,False,False,True,42.383532520117896,10,Bennington St at Byron St,210,"['CREDITCARD', 'KEY']"
[],A32029,0,f83529e2-0de8-11e7-991c-3863bb43a7d0,211,classic,-71.03528559207916,False,False,True,42.36501119822304,10,Piers Park,211,"['CREDITCARD', 'KEY']"
[],A32030,33,f8352a4d-0de8-11e7-991c-3863bb43a7d0,212,classic,-71.03977829217911,False,False,True,42.368844082898356,10,Maverick Square - Lewis Mall,212,"['CREDITCARD', 'KEY']"
[],A32031,16,f8352ac4-0de8-11e7-991c-3863bb43a7d0,213,classic,-71.039431,False,True,True,42.369536,10,East Boston Neighborhood Health Center - 20 Maverick Square,213,"['CREDITCARD', 'KEY']"
[],A32032,15,f8352b39-0de8-11e7-991c-3863bb43a7d0,214,classic,-71.03128910064696,False,True,True,42.37534192670574,10,Airport T Stop - Bremen St at Brooks St,214,"['CREDITCARD', 'KEY']"
[],A32033,15,f8352ba8-0de8-11e7-991c-3863bb43a7d0,215,classic,-71.044201,False,False,True,42.370744,10,The Eddy - New St at Sumner St,215,"['CREDITCARD', 'KEY']"
[],A32034,0,f8352c1a-0de8-11e7-991c-3863bb43a7d0,216,classic,-71.03024303913116,False,False,True,42.38240377674137,10,Glendon St at Condor St,216,"['CREDITCARD', 'KEY']"
[],A32035,19,f8352c92-0de8-11e7-991c-3863bb43a7d0,217,classic,-71.006098,False,False,True,42.386781,10,Orient Heights T Stop - Bennington St at Saratoga St,217,"['CREDITCARD', 'KEY']"
[],C32034,15,f8353277-0de8-11e7-991c-3863bb43a7d0,218,classic,-71.04569256305693,False,False,True,42.351586001198456,10,Watermark Seaport - Boston Wharf Rd at Seaport Blvd,218,"['CREDITCARD', 'KEY']"
[],A32036,15,f83532fa-0de8-11e7-991c-3863bb43a7d0,219,classic,-71.0410200806291,False,False,True,42.373312125824704,10,Boston East - 126 Border St,219,"['CREDITCARD', 'KEY']"
[],M32050,19,fbb9b58c-2b92-4bcf-8e4c-a982e40d2f39,221,classic,-71.11305356025696,False,False,True,42.37250864997261,8,Verizon Innovation Hub 10 Ware Street,221,"['CREDITCARD', 'KEY']"
[],C32035,14,83183df0-38c2-4ae8-a0c4-4b59599c9582,222,classic,-71.062256,False,True,True,42.343749,10,Troy Boston,222,"['CREDITCARD', 'KEY']"
[],M32051,17,1331197c-f6c6-4f4a-a29b-95e580359886,224,classic,-71.143478951426,False,False,True,42.38267827521855,8,Fresh Pond Reservation,224,"['CREDITCARD', 'KEY']"
[],M32052,19,7560f0e3-267b-4fb3-bbfa-6e02010cfcb7,225,classic,-71.09759867191315,False,False,True,42.37119727759414,8,Cambridge Dept. of Public Works -147 Hampshire St.,225,"['CREDITCARD', 'KEY']"
[],K32006,15,ea65c25f-0718-4f79-8588-c58b9fe3a105,226,classic,-71.12126246094704,False,False,True,42.35154734791375,4,Commonwealth Ave At Babcock St,226,"['CREDITCARD', 'KEY']"
[],D32032,19,36f36eed-1070-49be-8b31-5676b8b3489f,227,classic,-71.10057592391968,False,False,True,42.34949599514002,10,Silber Way,227,"['CREDITCARD', 'KEY']"
[],M32053,19,a825b55d-3ab3-481f-9c50-d3a7313e6843,228,classic,-71.0804355052096,False,False,True,42.361619320766856,8,One Memorial Drive,228,"['CREDITCARD', 'KEY']"
[],C32037,11,31382324-2931-491a-827a-40149e45afee,232,classic,-71.07929527759552,False,False,True,42.304127927390155,10,Four Corners - 157 Washington St,232,"['CREDITCARD', 'KEY']"
[],K32007,15,1cced911-b428-4cfd-81be-3a8f77ce7379,233,classic,-71.10728681087494,False,False,True,42.346197076555455,4,St Mary's,233,"['CREDITCARD', 'KEY']"
[],S32016,19,625f105e-4407-4988-9095-d1979cbda5e1,234,classic,-71.09850591982195,False,False,True,42.39517150121575,9,Broadway at Central St,234,"['CREDITCARD', 'KEY']"
[],S32017,15,25cc602a-152a-4abe-9df8-a131d0a5d94b,235,classic,-71.08318716287613,False,False,True,42.3876281075134,9,East Somerville Library (Broadway and Illinois),235,"['CREDITCARD', 'KEY']"
[],S32018,15,7c860828-3359-4229-b59b-963f5a4bab00,236,classic,-71.07746601104736,False,True,True,42.392232840046276,9,Assembly Square T,236,"['CREDITCARD', 'KEY']"
[],S32022,15,7df1ee28-441e-44c1-8507-8f58946be96b,239,classic,-71.11133694648743,False,False,True,42.39407223665884,9,Community Path at Cedar Street,239,"['CREDITCARD', 'KEY']"
[],C32039,0,103a9881-e30a-4d57-b81d-863b995ff759,255,classic,-71.07821760713703,False,False,True,42.29442578670662,10,Park St at Norwell St,255,"['CREDITCARD', 'KEY']"
[],C32040,15,0839bb10-e876-4198-95e4-0147a561853d,258,classic,-71.05466698296368,False,False,True,42.28297567840305,10,Gallivan Blvd at Adams St,258,"['CREDITCARD', 'KEY']"
[],C32042,0,829fa5a8-cc88-4ab2-9f34-b481aaa1612e,259,classic,-71.07345871645519,False,False,True,42.299164979365884,10,Washington St at Bowdoin St,259,"['CREDITCARD', 'KEY']"
[],C32041,0,8d893519-bc21-4536-b346-f558988bc8ad,260,classic,-71.06068975823291,False,False,True,42.299633488420625,10,Fields Corner T Stop,260,"['CREDITCARD', 'KEY']"
[],C32062,15,57caf362-1e8b-46aa-9ee3-82341c405ab0,271,classic,-71.0641389,False,False,True,42.2856944,10,Ashmont T Stop,271,"['CREDITCARD', 'KEY']"
[],E32009,19,ea00f276-26dc-48ee-b2c8-6e56fd632a2d,272,classic,-71.06575,False,False,True,42.292917,10,Shawmut T Stop,272,"['CREDITCARD', 'KEY']"
[],E32010,40,4764641e-b080-4c70-a1e1-049de81e09d0,273,classic,-71.114249,False,False,True,42.300923,10,Forest Hills,273,"['CREDITCARD', 'KEY']"
[],D32040,23,c202f2ca-ec1d-4dc5-a734-e0a342f23ba4,279,classic,-71.107669,False,False,True,42.306539,10,Williams St at Washington St,279,"['CREDITCARD', 'KEY']"
[],D32036,19,7f68a70d-af0e-450a-b7a8-ce621cd0c8c1,280,classic,-71.070629,False,False,True,42.380857,10,Main St at Baldwin St,280,"['CREDITCARD', 'KEY']"
[],D32041,19,c98f50f6-1901-4c64-b164-8cf33245e022,282,classic,-71.104374,False,False,True,42.316966,10,Stony Brook T Stop,282,"['CREDITCARD', 'KEY']"
[],C32051,22,74cb9bf6-bb53-4c70-88d2-67998b99628c,296,classic,-71.02495,False,False,True,42.3334,10,Farragut Rd at E. 6th St,296,"['CREDITCARD', 'KEY']"
[],M32059,19,dd05a440-f881-410c-a071-864da11c634a,318,classic,-71.0875672,False,False,True,42.3636929,8,Ames St at Broadway,318,"['CREDITCARD', 'KEY']"
[],M32058,27,bd3d4824-7203-4edc-a314-cea2b413e886,319,classic,-71.143941,False,False,True,42.3936,8,84 Cambridgepark Dr,319,"['CREDITCARD', 'KEY']"
[],D32038,15,3dbbb3cb-b52d-46f8-8f9c-db11e83d081c,327,classic,-71.06383498767171,False,False,True,42.374878467440965,10,Main St at Thompson Sq,327,"['CREDITCARD', 'KEY']"
[],S32019,15,baab0b05-a028-4147-8432-a2726c7e48ea,328,classic,-71.12011306006025,False,False,True,42.396386809455,9,Grove St at Community Path,328,"['CREDITCARD', 'KEY']"
[],S32021,15,13681246-4bf8-444a-a908-fa165e4ad298,329,classic,-71.0839523,False,False,True,42.3817508,9,Washington St at Myrtle St,329,"['CREDITCARD', 'KEY']"
[],S32023,15,f2b83aa2-86cd-4904-a099-74bf2023f768,330,classic,-71.10402522613185,False,False,True,42.38100143038052,9,30 Dane St,330,"['CREDITCARD', 'KEY']"
[],B32033,15,5018e851-f2f3-4e18-9914-c316bbcc2c3d,331,classic,-71.0988699646623,False,False,True,42.336585554561154,10,Huntington Ave at Mass Art,331,"['CREDITCARD', 'KEY']"
[],D32035,15,bb27977d-36c1-496d-8bac-631b612dd7b8,332,classic,-71.13022770741735,False,False,True,42.34953016890375,10,Harvard Ave at Brainerd Rd,332,"['CREDITCARD', 'KEY']"
[],M32054,25,93381e13-cd04-4e10-ac81-9f5926aa01d5,333,classic,-71.14871613699506,False,False,True,42.37500235137831,8,699 Mt Auburn St,333,"['CREDITCARD', 'KEY']"
[],M32056,19,1e3beeb4-f8e1-452c-93e5-48df78d4b313,334,classic,-71.12260755160605,False,False,True,42.39120971915856,8,Mass Ave at Hadley/Walden,334,"['CREDITCARD', 'KEY']"
[],M32055,19,70f20fcb-8e63-4015-9007-b97c525ab0a9,335,classic,-71.09522221614498,False,False,True,42.36599432867437,8,Harvard St at Greene-Rose Heritage Park,335,"['CREDITCARD', 'KEY']"
[],C32045,15,b5894555-30a3-46db-918a-fdeb083d6001,336,classic,-71.093641,False,False,True,42.267902,10,Mattapan T Stop,336,"['CREDITCARD', 'KEY']"
[],C32047,15,5b1d2661-8a93-4f14-b242-ebc52792f951,337,classic,-71.127754,False,False,True,42.287072,10,Roslindale Village - South St,337,"['CREDITCARD', 'KEY']"
[],D32034,15,0adccd89-1d8d-44da-9f7c-5f18acafeddf,338,classic,-71.13997217276847,False,False,True,42.348358628170445,10,Commonwealth Ave at Kelton St,338,"['CREDITCARD', 'KEY']"
[],C32048,0,1ef9964d-47ac-4cd4-916e-7c006fa1e605,339,classic,-71.12119538714069,False,False,True,42.29266592872725,10,Archdale Rd at Washington St,339,"['CREDITCARD', 'KEY']"
[],C32044,19,e32c0bb9-e85b-4764-b0fb-5c582cfd3a90,340,classic,-71.09372552493369,False,False,True,42.274620671812244,10,Blue Hill Ave at Almont St,340,"['CREDITCARD', 'KEY']"
[],C32046,15,aa964f5b-fadf-4fc1-8c91-84ee36e15f0d,341,classic,-71.12820532182013,False,True,True,42.28630716010807,10,Roslindale Village - Washington St,341,"['CREDITCARD', 'KEY']"
[],B32034,15,47c44bb1-d065-41f5-ad79-c18aee60af34,342,classic,-71.09732501226972,False,False,True,42.344650628878306,10,Boylston St at Jersey St,342,"['CREDITCARD', 'KEY']"
[],C23045,0,b205d2bb-bb76-49ac-8d14-85eec5a874d3,343,classic,-71.08617242434775,False,False,True,42.280725142920296,10,Morton St T,343,"['CREDITCARD', 'KEY']"
[],D32033,19,51bb4381-dae4-4aeb-b213-0614b807be29,344,classic,-71.15168806174552,False,False,True,42.34024644768889,10,Commonwealth Ave at Chiswick Rd,344,"['CREDITCARD', 'KEY']"
[],D32042,19,df03c61a-29d7-445d-9980-d7f058916591,345,classic,-71.06781138111728,False,False,True,42.351828068920675,10,Park Plaza at Charles St S.,345,"['CREDITCARD', 'KEY']"
[],B32035,15,25a9114f-66f0-427c-920f-5526ca84f056,346,classic,-71.15061519672052,False,False,True,42.335543083570826,10,Cleveland Circle,346,"['CREDITCARD', 'KEY']"
[],C32049,0,b0b8e427-7203-4844-9c70-129e08a74452,347,classic,-71.07942931372236,False,False,True,42.286212948246096,10,Thetford Ave at Norfolk St,347,"['CREDITCARD', 'KEY']"
[],C32043,15,97a1e4e7-a1ff-427a-aaea-48ca0d00bf9c,348,classic,-71.087111,False,False,True,42.2945833,10,Talbot Ave At Blue Hill Ave,348,"['CREDITCARD', 'KEY']"
[],C32038,17,eb8824c3-9c84-4fec-8d6f-d537c8ab3beb,349,classic,-71.071806,False,True,True,42.290333,10,Washington St at Talbot Ave,349,"['CREDITCARD', 'KEY']"
[],C32055,17,ccf82572-a142-4378-9a4b-5a51fcb4ef81,350,classic,-71.071111,False,False,True,42.2873611,10,Codman Square Library,350,"['CREDITCARD', 'KEY']"
[],A32038,15,83852166-6e71-4f69-ba83-020a4c644b86,351,classic,-71.15988485533308,False,False,True,42.35276620545606,10,Faneuil St at Arlington St,351,"['CREDITCARD', 'KEY']"
[],C32058,15,548b9fdd-c5a1-4638-8e45-36cf549591be,352,classic,-71.08044855314802,False,False,True,42.348278385426255,10,Ring Rd,352,"['CREDITCARD', 'KEY']"
[],C32050,15,b995a0b4-fc26-4661-9bc8-e166d648edfd,353,classic,-71.09325,False,False,True,42.2773889,10,Mattapan Library,353,"['CREDITCARD', 'KEY']"
[],A32037,0,510239fe-69c3-458b-b53c-6ce001845f4a,354,classic,-71.14127840855872,False,False,True,42.34286835071959,10,Washington St at Egremont Rd,354,"['CREDITCARD', 'KEY']"
[],A32039,17,fe6a64e7-c712-404c-85ae-ee77a37245b1,355,classic,-71.01063068965232,False,False,True,42.385223935870535,10,Bennington St at Constitution Beach,355,"['CREDITCARD', 'KEY']"
[],D32039,23,23146f28-9762-4a6d-a6db-fcd4ff0e5d07,356,classic,-71.05481199938367,False,False,True,42.374124549426526,10,Charlestown Navy Yard,356,"['CREDITCARD', 'KEY']"
[],E32008,15,81676204-e42f-4d3d-991e-9c1264f36229,357,classic,-71.1142981,False,False,True,42.3121203,10,Centre St at Seaverns Ave,357,"['CREDITCARD', 'KEY']"
[],D32037,19,a18e1e55-507e-49d8-b7c0-5c0efd959125,358,classic,-71.06055721676967,False,False,True,42.380429474494896,10,Medford St at Charlestown BCYF,358,"['CREDITCARD', 'KEY']"
[],B32036,15,f24a573e-ef07-4785-9270-70c443510ea6,359,classic,-71.10446508982932,False,False,True,42.333922701369964,10,One Brigham Circle,359,"['CREDITCARD', 'KEY']"
[],B32055,15,8b703219-1e16-4ba1-9f46-2b7030c7849a,360,classic,-71.0901582,False,False,True,42.3294633,10,Bartlett St at John Elliot Sq,360,"['CREDITCARD', 'KEY']"
[],B32037,18,e2c306f6-82c7-4d0d-89fd-c9452d2f9ad1,361,classic,-71.09728209692548,False,False,True,42.34924376955301,10,Deerfield St at Commonwealth Ave,361,"['CREDITCARD', 'KEY']"
[],C32052,19,52ca4d94-587f-4a61-a298-a1a755e73bfb,362,classic,-71.05060093123029,False,False,True,42.33023070528729,10,Columbia Rd at Tierney Community Center,362,"['CREDITCARD', 'KEY']"
[],C32057,19,81bfc33b-30d8-4881-b261-712715a8b2bc,363,classic,-71.0638403149278,False,False,True,42.34521562115022,10,Harrison Ave at Mullins Way,363,"['CREDITCARD', 'KEY']"
[],C32056,19,8bc42f7f-753d-4cca-a7d6-0d7c2530ea2c,364,classic,-71.08169049924982,False,False,True,42.338431795290944,10,Tremont St at Northampton St,364,"['CREDITCARD', 'KEY']"
[],D32043,19,fbc512a5-4b98-4821-bcfb-bb0c7ac83543,365,classic,-71.06209959843909,False,False,True,42.34942609892521,10,Harrison Ave at Bennet St,365,"['CREDITCARD', 'KEY']"
[],C32053,0,56817d8e-3a1c-431a-a529-1a600f80c364,366,classic,-71.05747275072645,False,False,False,42.34278116224413,10,Broadway T Stop,366,"['CREDITCARD', 'KEY']"
[],M32057,19,02a4416f-80b4-4472-accd-5db482ed5b6d,367,classic,-71.13775670528412,False,False,True,42.38536765218425,8,Vassal Lane at Tobin/VLUS,367,"['CREDITCARD', 'KEY']"
[],B32057,0,eed9e64f-f09d-43c1-aa31-da968c66750a,368,classic,-71.07798628527235,False,False,True,42.317860205899876,10,Blue Hill Ave at Southwood St,368,"['CREDITCARD', 'KEY']"
[],D32044,0,3df7aad4-5696-46d1-9d49-7e1e040a1282,369,classic,-71.0573735833168,False,False,False,42.36254854409333,10,Boston Public Market,369,"['CREDITCARD', 'KEY']"
[],D32045,19,803a0c16-4f81-44f1-8b49-a13fcdda40c1,370,classic,-71.07782810926437,False,False,True,42.35096144421219,10,Dartmouth St at Newbury St,370,"['CREDITCARD', 'KEY']"
[],M32060,19,9e9be067-c6bb-41de-9491-eda69d24d6de,371,classic,-71.15412890911102,False,False,True,42.380788172914286,8,700 Huron Ave,371,"['CREDITCARD', 'KEY']"
[],D32046,19,cad0e759-b605-458a-b772-768dcce81dc6,372,classic,-71.0794677917329,False,False,True,42.349589423682445,10,Boylston St at Exeter St,372,"['CREDITCARD', 'KEY']"
[],C32059,15,ba634139-d7bf-448f-aac4-25995d36b67b,373,classic,-71.13672129828046,False,False,True,42.28634589486312,10,Belgrade Ave at Walworth St,373,"['CREDITCARD', 'KEY']"
[],B32056,19,1676a6f7-c417-48d2-92e8-5ce21995efc3,374,classic,-71.06166645884514,False,True,True,42.35668334969929,10,Tremont St at Hamilton Pl,374,"['CREDITCARD', 'KEY']"
[],A32040,15,c5cfd1ed-aa44-4e20-96bb-e334c96f0d68,376,classic,-71.12852452327388,False,True,True,42.36027370454934,10,Honan Library,376,"['CREDITCARD', 'KEY']"
[],S32034,19,5bbdd12f-fec4-4741-9d5d-4a60834c5d02,377,classic,-71.10341902831351,False,False,True,42.37927324600841,9,Perry Park,377,"['CREDITCARD', 'KEY']"
[],S32035,19,ec3eea05-a3ff-43c6-9e24-0c63f09b915f,378,classic,-71.10878612855231,False,False,True,42.38032335045416,9,191 Beacon St,378,"['CREDITCARD', 'KEY']"
[],C32060,15,342a2c60-71b0-4d19-98d6-47987cf20dbc,379,classic,-71.07421449387857,False,False,True,42.34254913737952,10,Tremont St at W. Dedham St,379,"['CREDITCARD', 'KEY']"
[],M32061,18,f6df6c1a-064f-428a-951c-2069a081b9df,380,classic,-71.09670273977825,False,False,True,42.36135837662249,8,Mass Ave at Albany St,380,"['CREDITCARD', 'KEY']"
[],M32062,25,2104f242-2dde-4ec0-8197-4454b1021ac1,381,classic,-71.10026478767395,False,False,True,42.37426713524931,8,Inman Square at Springfield St.,381,"['CREDITCARD', 'KEY']"
[],D32047,13,8983c75a-12c1-4995-aedc-24c94bd895e3,384,classic,-71.0756166279316,False,False,True,42.35159662465317,10,Clarendon St at Newbury St,384,"['CREDITCARD', 'KEY']"
[],C32061,15,1e1b40cd-8e00-4b74-b147-be6b23f5c9e7,385,classic,-71.0689445958451,False,False,True,42.33664795427071,10,Albany St at E. Brookline St,385,"['CREDITCARD', 'KEY']"
[],M32063,19,5bc7cba9-f0b0-442d-932c-e8c7927d87ce,386,classic,-71.09930185605663,False,False,True,42.36860524248197,8,Sennott Park Broadway at Norfolk Street,386,"['CREDITCARD', 'KEY']"
[],V32001,15,53a148ca-ac69-4a9c-a986-9a4b4df2f5df,387,classic,-71.06823265090497,False,False,True,42.41143222973408,104,7 Acre Park,387,"['CREDITCARD', 'KEY']"
[],V32003,16,25489822-e43a-4704-b2a8-d905b78ba77c,389,classic,-71.05650289605819,False,False,True,42.406956789102416,104,Everett Square (Broadway at Chelsea St),389,"['CREDITCARD', 'KEY']"
[],V32004,15,3f4f4ad4-a715-43d5-828f-f8381f26b66a,390,classic,-71.06546759905541,False,False,True,42.39648358247693,104,Broadway at Lynde St,390,"['CREDITCARD', 'KEY']"
[],V32005,15,f7d416f8-4377-4019-bba7-302dc1d5a11d,391,classic,-71.0724475979805,False,False,True,42.39329263225162,104,Encore,391,"['CREDITCARD', 'KEY']"
[],V32006,15,d22265a8-a6d7-4922-a6b5-4be738a9e5c4,392,classic,-71.04479655659816,False,False,True,42.41427294293992,104,Glendale Square (Ferry St at Broadway),392,"['CREDITCARD', 'KEY']"
[],V32007,15,4b5de733-9353-4873-9dc2-9558b3cb063a,393,classic,-71.05842225271772,False,False,True,42.412504507772105,104,Swan St. Park,393,"['CREDITCARD', 'KEY']"
[],V32008,14,f0f01d4c-ba4a-4ab2-9cc0-9fa1f9223300,394,classic,-71.05260457852637,False,False,True,42.410346909767846,104,Broadway at Maple St,394,"['CREDITCARD', 'KEY']"
[],V32009,15,fe534b6f-61ad-47d3-b9f6-cdaa128f53a4,395,classic,-71.04762639859473,False,False,True,42.40328056972533,104,Chelsea St at Vine St,395,"['CREDITCARD', 'KEY']"
[],V32010,15,a5600f2e-baaa-43ea-bce5-880179f38599,396,classic,-71.06381878293178,False,False,True,42.4093300667225,104,Wasgott Playground,396,"['CREDITCARD', 'KEY']"
[],V32011,6,13444449-b3a8-43d2-b8b9-a59fbc59a174,397,classic,-71.06373842814719,False,False,True,42.39836059620832,104,Broadway at Beacham St,397,"['CREDITCARD', 'KEY']"
[],M32064,19,133d159e-a202-4310-910f-eca392fe181e,398,classic,-71.0801375997653,False,False,True,42.36550728505653,8,75 Binney St,398,"['CREDITCARD', 'KEY']"
[],D32048,15,53548ba4-ad0a-4d92-8e57-fd5c9f3ad102,399,classic,-71.06559185315746,False,False,True,42.34854543411198,10,Shawmut Ave at Oak St W,399,"['CREDITCARD', 'KEY']"
[],B32058,27,99675a11-a92c-465c-bf5a-434b08ba5fc6,400,classic,-71.1001680795016,False,False,True,42.34734473177431,10,Lansdowne T Stop,400,"['CREDITCARD', 'KEY']"
[],K32010,15,186accbb-6a08-4e1d-b267-9033c4443a56,401,classic,-71.12135231494904,False,False,True,42.32464510949409,4,High St at Cypress St,401,"['CREDITCARD', 'KEY']"
[],K32011,15,270ad97d-035d-472a-9827-76d3187afc56,402,classic,-71.13421171095978,False,False,True,42.33985827126298,4,Washington Sq,402,"['CREDITCARD', 'KEY']"
[],K32012,15,0daf7408-7a15-4d2b-8c39-f1a097cdbe85,403,classic,-71.12070563810447,False,False,True,42.340122426966424,4,Marion St at Harvard St,403,"['CREDITCARD', 'KEY']"
[],C32063,16,ad2cf74c-0e8c-4e15-8f19-2259e8c82f0f,404,classic,-71.08336953450817,False,False,True,42.34135615767354,10,Mass Ave T Station,404,"['CREDITCARD', 'KEY']"
[],C32064,19,f8285d4f-5053-4e26-bb28-72016fe11353,405,classic,-71.05355408051764,False,False,True,42.32039374304257,10,Sydney St at Carson St,405,"['CREDITCARD', 'KEY']"
[],S32036,19,88b35b6d-f355-44dc-b85e-ed2eb1bc9099,406,classic,-71.09745375830244,False,False,True,42.39189811591863,9,Somerville City Hall Annex,406,"['CREDITCARD', 'KEY']"
[],S32037,19,403c0f6c-d01a-4171-a7be-3aa4dbb0d7d1,407,classic,-71.1106824874878,False,False,True,42.38831607584243,9,Craigie at Summer St,407,"['CREDITCARD', 'KEY']"
[],S32038,15,42886366-9cbf-432c-ba84-beef38877c87,408,classic,-71.08714388528824,False,False,True,42.38717463348314,9,Edgerly Education Center,408,"['CREDITCARD', 'KEY']"
[],S32039,19,171f821a-93cf-4791-b322-0834a29c2c5a,409,classic,-71.11694140364307,False,False,True,42.38952436305763,9,Elm St at White St,409,"['CREDITCARD', 'KEY']"
[],C32065,15,ef54374b-0406-4b17-b0a1-847f1d7bea06,410,classic,-71.05726346409938,False,False,True,42.291679428741226,10,Adams St at Lonsdale St,410,"['CREDITCARD', 'KEY']"
[],C32067,19,295553ea-851b-4ac2-a094-f9d1208e399a,412,classic,-71.06688730436872,False,False,True,42.34303291130257,10,Washington St at Peters Park,412,"['CREDITCARD', 'KEY']"
[],M32065,19,9ca92778-9101-48df-90ea-08b784e26a1a,413,classic,-71.08579014980933,False,False,True,42.36955297756508,8,Kennedy-Longfellow School 158 Spring St,413,"['CREDITCARD', 'KEY']"
[],M32066,23,8347c34d-68df-404b-ac58-7a387cc3ce4b,414,classic,-71.14797130814623,False,False,True,42.39790817368333,8,Discovery Park - 30 Acorn Park Drive,414,"['CREDITCARD', 'KEY']"
[],D32049,19,36a8fbc8-6069-4a29-bbfd-63a2d019c9a5,415,classic,-71.0724207387284,False,False,True,42.34954403114251,10,Stuart St at Berkeley St,415,"['CREDITCARD', 'KEY']"
[],D32050,15,082262bd-086b-46c7-83ce-eed2b39142ff,416,classic,-71.0695936904267,False,False,True,42.36435589027983,10,Blossom St at Charles St,416,"['CREDITCARD', 'KEY']"
[],C32077,19,ddcc8869-b8d4-483c-b9da-457fcebc8dc1,417,classic,-71.07648162175792,False,False,True,42.34474224772802,10,Columbus Ave at W. Canton St,417,"['CREDITCARD', 'KEY']"
[],A32041,14,9e710d48-51c1-460e-a027-3d16bde62b13,419,classic,-71.03918548682486,False,False,True,42.37544912547037,10,Central Square East Boston,419,"['CREDITCARD', 'KEY']"
[],D32051,0,a758e44b-8f6b-498e-b943-1c4e965b00f4,420,classic,-71.07079532006537,False,False,False,42.35872530462163,10,Charles St at Pinckney St,420,"['CREDITCARD', 'KEY']"
[],C32078,19,87b5a8b7-a330-4c51-ab32-7dafa292c88f,421,classic,-71.117736660035,False,False,True,42.29118034790426,10,Northbourne Rd at Hyde Park Ave,421,"['CREDITCARD', 'KEY']"
[],C32079,15,d1c0b0c2-6e4c-424e-a946-a2a95a711633,422,classic,-71.11687703062671,False,False,True,42.278811581565975,10,American Legion Hwy at Cummins Hwy,422,"['CREDITCARD', 'KEY']"
[],C32080,19,9f54207a-3308-43bd-b45c-9042b6389598,423,classic,-71.11874517062459,False,False,True,42.28484472443536,10,Mt. Hope St at Hyde Park Ave,423,"['CREDITCARD', 'KEY']"
[],D32052,19,c5017e67-cada-4549-a52e-0f13dddd289d,424,classic,-71.11570891001975,False,False,True,42.3060456272408,10,Jamaica St at South St,424,"['CREDITCARD', 'KEY']"
[],E32011,16,ec4e1168-25dc-4929-b17b-e4ae578dd888,425,classic,-71.09639923859504,False,False,True,42.3193094317828,10,The Dimock Center,425,"['CREDITCARD', 'KEY']"
[],A32042,27,2363c5a3-93cc-41a2-a767-90f1826c041f,426,classic,-71.05656400803126,False,False,True,42.35294569782581,10,Surface Rd at Summer St,426,"['CREDITCARD', 'KEY']"
[],C32081,0,acb27827-d69a-4287-b132-3f529ca62ad2,427,classic,-71.13423757273267,False,False,True,42.280728147169015,10,Washington St at Denton Terr,427,"['CREDITCARD', 'KEY']"
[],A32043,0,2130e322-42a2-44ef-bbec-6a4fbf179fd9,428,classic,-71.14393111327445,False,False,True,42.361787410661876,10,Western Ave at Richardson St,428,"['CREDITCARD', 'KEY']"
[],C32083,19,12d463d2-ce50-43bd-81b1-6be4dbdbbc1b,430,classic,-71.06955613950048,False,False,True,42.277194696397906,10,Washington St at Walsh Playground,430,"['CREDITCARD', 'KEY']"
[],C32084,15,9bfa4a32-5598-46ea-a1a1-17b4c6ed9d84,431,classic,-71.07147924620222,False,False,True,42.281986277339136,10,Washington St at Fuller St,431,"['CREDITCARD', 'KEY']"
[],C32085,19,0cb6d635-6a7d-4d75-89b4-36b12616be12,432,classic,-71.15344755369732,False,False,True,42.286331991127746,10,Centre St at W. Roxbury Post Office,432,"['CREDITCARD', 'KEY']"
[],C32086,19,676ca473-eed6-4971-aaf3-e199a7ca335b,433,classic,-71.15728851416861,False,False,True,42.28277901074054,10,Centre St at Parkway YMCA,433,"['CREDITCARD', 'KEY']"
[],C32087,19,90330e1a-dee5-4914-9d3f-3891aeca12ca,434,classic,-71.16341467955863,False,False,True,42.277484442008216,10,Spring St at Powell St,434,"['CREDITCARD', 'KEY']"
[],C32088,0,0b0467c1-0c90-4529-a556-fe4d57835bbb,435,classic,-71.07337901405117,False,False,True,42.27094707029229,10,Central Ave at River St,435,"['CREDITCARD', 'KEY']"
[],A32044,15,8d535c23-f186-4161-aa10-17e94be6d4ae,436,classic,-71.0333597474255,False,False,True,42.36774122306014,10,Maverick St at Massport Path,436,"['CREDITCARD', 'KEY']"
[],M32067,19,9fef6df2-7f8f-43fc-a85b-7dd5453860f9,437,classic,-71.08995433905875,False,False,True,42.37207657915397,8,Berkshire Street at Cambridge Street,437,"['CREDITCARD', 'KEY']"
[],A32045,7,20b0b405-54ba-4a80-b89c-0819772665db,440,classic,-71.14167537549292,False,False,True,42.356560923089404,10,Boston Landing,440,"['CREDITCARD', 'KEY']"
[],D32053,19,40ee059e-8530-4992-9114-c16b87d6832f,441,classic,-71.07514854529654,False,False,True,42.384452256358436,10,Sullivan Square,441,"['CREDITCARD', 'KEY']"
[],C32089,15,ff6ed364-8676-45a0-b97f-71025683849e,442,classic,-71.11601199963843,False,False,True,42.29606704649873,10,Hyde Park Ave at Walk Hill St,442,"['CREDITCARD', 'KEY']"
[],B32059,19,82b41ffb-e284-4e4d-b22a-0cad2bfd4bee,443,classic,-71.09218861916816,False,False,True,42.332862884862635,10,Whittier St Health Center,443,"['CREDITCARD', 'KEY']"
[],C32090,19,7ec0c53c-876a-419c-a78b-4edd000bbc9a,445,classic,-71.04536797860419,False,False,True,42.31886468217537,10,Geiger Gibson Community Health Center,445,"['CREDITCARD', 'KEY']"
[],B32060,16,a6e0db4f-fc9b-42af-bfe0-36cc0259b717,446,classic,-71.10391523698127,False,False,True,42.34960945333059,10,700 Commonwealth Ave.,446,"['CREDITCARD', 'KEY']"
[],D32054,19,2ba0c5dd-c990-4434-8a84-5c3eca23f096,447,classic,-71.14549813806661,False,False,True,42.34679008347347,10,The Overlook at St. Gabriel's,447,"['CREDITCARD', 'KEY']"
[],V32012,11,228b8017-e4da-4722-9223-b8279a14b8ad,448,classic,-71.0437126,False,False,True,42.4206487,104,Hale Park,448,"['CREDITCARD', 'KEY']"
[],K32015,15,a83f982f-a4f1-43e4-98e8-c8f4a0bb7290,452,classic,-71.11467361450195,False,False,True,42.34414898749529,4,1200 Beacon St,452,"['CREDITCARD', 'KEY']"
[],D32055,23,2fd22786-dfeb-4126-a906-4f01802087f3,454,classic,-71.07744187116623,False,False,True,42.35019319808638,10,Boylston St at Dartmouth St,454,"['CREDITCARD', 'KEY']"
[],W32001,12,634b697d-0e64-4102-8849-abac7a7f8e35,455,classic,-71.15683130688922,False,False,True,42.372076114722866,125,Coolidge Sq.,455,"['CREDITCARD', 'KEY']"
[],M32068,19,f606593b-3d07-40f2-bc6d-a0eb96588e44,456,classic,-71.12449831038248,False,False,True,42.38294430172271,8,Graham and Parks School  Linnaean St at Walker St,456,"['CREDITCARD', 'KEY']"
[],W32002,15,66763558-7a03-48a9-8665-6b4445b81f48,458,classic,-71.18573324459247,False,False,True,42.365260317694485,125,Watertown Sq,458,"['CREDITCARD', 'KEY']"
[],A32046,23,cf5f920f-b61d-4db0-b139-14aff04d577c,459,classic,-71.06092190993877,False,False,True,42.36530094929082,10,Canal St at Causeway St,459,"['CREDITCARD', 'KEY']"
[],A32047,15,5afe91c4-8076-4f9f-b83b-cf233bda2331,460,classic,-71.05426469875965,False,False,True,42.35849449039304,10,Broad St at Central St,460,"['CREDITCARD', 'KEY']"
[],L32001,11,81323081-749c-44cf-ac62-0e6c64305c32,461,classic,-71.15336636682059,False,False,True,42.41606457115141,128,Railroad Lot and Minuteman Bikeway,461,"['CREDITCARD', 'KEY']"
[],L32002,11,e4d5271f-5f76-401b-b7f0-c8dce3c26f10,462,classic,-71.14906518727366,False,False,True,42.40935395518158,128,Linwood St at Minuteman Bikeway,462,"['CREDITCARD', 'KEY']"
[],M32069,19,38706d8c-8d4b-49f7-b6ed-7688449db261,463,classic,-71.15058331757609,False,False,True,42.39239749145834,8,Smith Pl at Wilson Rd,463,"['CREDITCARD', 'KEY']"
[],L32003,0,9c8366d8-3b58-4894-b281-09e22f6fe5f7,464,classic,-71.14382132425817,False,False,True,42.40726052447951,128,Mass Ave at Grafton St,464,"['CREDITCARD', 'KEY']"
[],L32004,0,8e7c1984-dc81-43b0-a0d3-58c6de45225a,465,classic,-71.14009319811885,False,False,True,42.40994213011757,128,Broadway at Grafton St,465,"['CREDITCARD', 'KEY']"
[],N32000,11,9f582e05-15e0-4a39-aef5-c719e0c78e26,466,classic,-71.18641942508475,False,False,True,42.35574334805774,127,Centre St at Washington St,466,"['CREDITCARD', 'KEY']"
[],N32001,11,918335df-fc1a-45c2-9cfc-c5e2e93aecc0,467,classic,-71.19943707257335,False,False,True,42.35389024396587,127,Washington St at Crafts St,467,"['CREDITCARD', 'KEY']"
[],N32002,15,ad2fb6f2-921f-440c-83de-08be76e35c2a,468,classic,-71.20146199598821,False,False,True,42.36068455768156,127,Nonantum Library,468,"['CREDITCARD', 'KEY']"
[],N32003,11,01d29f8c-768d-4c4f-84ca-3de966075287,469,classic,-71.1860453666327,False,False,True,42.35711920909866,127,Bacon St at Washington St,469,"['CREDITCARD', 'KEY']"
[],N32004,11,fa568ea4-1be4-4992-93ca-9b1ca2ff52b4,470,classic,-71.19367271661758,False,False,True,42.32956868185623,127,Union St at Herrick Rd  Newton Centre Green Line,470,"['CREDITCARD', 'KEY']"
[],M32070,27,f1cafe36-f800-41f6-b74d-73953cb6394c,471,classic,-71.08669817447662,False,False,True,42.36054174140606,8,MIT Carleton St at Amherst St,471,"['CREDITCARD', 'KEY']"
[],M32071,27,533620e8-00ff-494a-b288-bd67602bc98e,472,classic,-71.08551858007559,False,False,True,42.36085937353302,8,MIT Hayward St at Amherst St,472,"['CREDITCARD', 'KEY']"
[],N32005,14,7dd0fc98-c1dd-4c93-9c1d-4bbdf5f93346,473,classic,-71.2262749671936,False,False,True,42.349600498642076,127,West Newton,473,"['CREDITCARD', 'KEY']"
[],N32006,11,77c1736c-a609-4453-94f7-8e4253a8193c,474,classic,-71.21382214128971,False,False,True,42.354104081396585,127,Watertown St at Albemarle Rd,474,"['CREDITCARD', 'KEY']"
[],W32004,11,68e5e79a-3c94-4848-b619-9c0829d7f687,475,classic,-71.15764854490408,False,False,True,42.36277388549605,125,Arsenal Yards,475,"['CREDITCARD', 'KEY']"
[],A32048,0,9b0aff89-5242-475e-b03b-87c3c3bf51bb,477,classic,-71.03907315999093,False,False,True,42.38066930871317,10,Marion St at White St,477,"['CREDITCARD', 'KEY']"
[],A32049,19,c935cfb1-ef73-402e-9b86-83aaaac6534d,478,classic,-71.03558540113227,False,False,True,42.37057753242139,10,Gove St at Orleans St,478,"['CREDITCARD', 'KEY']"
[],M32072,19,13918b3b-9ac5-4968-a74d-e40dd3bc952e,479,classic,-71.08974037706501,False,False,True,42.363003781560096,8,Galileo Galilei Way at Main Street,479,"['CREDITCARD', 'KEY']"
[],L32005,11,af066ffd-b892-434f-8532-1982fc408780,480,classic,-71.14456963094199,False,False,True,42.40016804853787,128,Thorndike Field at Minuteman Bikeway,480,"['CREDITCARD', 'KEY']"
[],C32091,19,868ccc83-99e5-4faf-96eb-e1fae26b9741,481,classic,-71.03987016504107,False,False,True,42.341780891371904,10,645 Summer St,481,"['CREDITCARD', 'KEY']"
[],V32013,11,e68655be-23d3-46e5-a509-25be677e7542,482,classic,-71.06041654944418,False,False,True,42.406161241322444,104,Kearins Playground,482,"['CREDITCARD', 'KEY']"
[],A32050,17,3b158c7a-a362-43ae-af1f-121b78be32d7,483,classic,-71.02876782417297,False,False,True,42.364119035231525,10,Porzio Park,483,"['CREDITCARD', 'KEY']"
[],R32007,11,7feae3ce-ddf2-4a45-a123-1209c8a9182b,484,classic,-71.008942,False,False,True,42.408088,126,Revere Public Library,484,"['CREDITCARD', 'KEY']"
[],R32006,11,aa556ad4-0092-4687-96c2-8dbc69addb56,485,classic,-71.0139,False,False,True,42.40741,126,Revere City Hall,485,"['CREDITCARD', 'KEY']"
[],N32008,11,9340e113-e0b2-48ac-b58a-8b6f001b0a94,486,classic,-71.192861,False,False,True,42.330528,127,Langley Lot,486,"['CREDITCARD', 'KEY']"
[],S32040,19,380de8b2-2728-4e4b-83f1-251bfbb5acf2,487,classic,-71.105587,False,False,True,42.392525,9,Community Path at Lowell St,487,"['CREDITCARD', 'KEY']"
[],E32012,16,aefc33cd-40b9-48da-8b87-415428816bdb,488,classic,-71.10196,False,False,True,42.324173,10,Martha Eliot Health Center,488,"['CREDITCARD', 'KEY']"
[],A32051,16,f55cdf0a-3d7b-491c-bed2-7dc0ef2062d5,489,classic,-71.027733,False,False,True,42.379295,10,Day Sq,489,"['CREDITCARD', 'KEY']"
[],C32092,18,065e0e5d-8a0d-49b7-9c1f-c8eaba51a8b4,490,classic,-71.090986,False,False,True,42.286012,10,Blue Hill Ave at Havelock St,490,"['CREDITCARD', 'KEY']"
[],C32093,19,50cc3c7f-50ed-4c70-b483-c89f3f47c938,491,classic,-71.06975,False,False,True,42.339194,10,Harrison Ave at E. Dedham St,491,"['CREDITCARD', 'KEY']"
[],A32052,15,0f554e1d-9f0f-452d-9b4a-e00aa2c5911e,492,classic,-71.1242,False,False,True,42.368019,10,Harvard Stadium: N. Harvard St at Soldiers Field Rd,492,"['CREDITCARD', 'KEY']"
[],C32094,17,efd724b2-31cb-4aec-b9d9-8ab79271630c,493,classic,-71.095003,False,False,True,42.28887,10,2 Hummingbird Lane at Olmsted Green,493,"['CREDITCARD', 'KEY']"
[],W32005,11,518f6524-0e7f-454d-974e-e3ff9db1f795,494,classic,-71.187936,False,False,True,42.367621,125,Watertown Town Hall,494,"['CREDITCARD', 'KEY']"
[],S32041,19,569f4952-5a25-4394-a419-f9c4d9cca6f3,495,classic,-71.090098,False,False,True,42.380078,9,Union Square East,495,"['CREDITCARD', 'KEY']"
[],W32006,11,1ef5abb2-5af9-41f2-a0dd-1e44278ad9f1,502,classic,-71.17569386959076,False,False,True,42.36466403441681,125,160 Arsenal,502,"['CREDITCARD', 'KEY']"
[],H32001,12,f35de2ab-979e-42d5-8cbd-dc479ed637e9,503,classic,-71.030709722545,False,False,True,42.398135645582464,135,Cary Square,503,"['CREDITCARD', 'KEY']"
[],H32002,11,e49a5b83-2c9c-4610-a48b-89cfea172c8f,504,classic,-71.03344559669495,False,False,True,42.3931961102951,135,Bellingham Square,504,"['CREDITCARD', 'KEY']"
[],H32003,11,f36e24cd-de4c-4a5e-adf4-cb97ccd2958d,505,classic,-71.03857017704286,False,False,True,42.390226711033826,135,Chelsea Square,505,"['CREDITCARD', 'KEY']"
[],H32004,11,a5144f51-37b3-4404-8f9c-8e6d126d5ca6,506,classic,-71.03085594484583,False,False,True,42.39453079292221,135,Broadway at Gerrish Ave,506,"['CREDITCARD', 'KEY']"
[],H32005,11,1a661bb7-7d14-49e9-ac3d-22bafec8a2f0,507,classic,-71.03987179230899,False,False,True,42.39636527849676,135,Chelsea Station,507,"['CREDITCARD', 'KEY']"
[],H32006,11,199f3d59-e726-4549-b9c1-4dfc8a343fdb,508,classic,-71.02390923402707,False,False,True,42.398417726101584,135,855 Broadway,508,"['CREDITCARD', 'KEY']"
[],W32007,12,d5349097-b478-4b3f-9c46-d8fbcf38e3f4,509,classic,-71.1565663665533,False,False,True,42.36762048745005,125,Nichols Ave. at Watertown Greenway,509,"['CREDITCARD', 'KEY']"
[],L32006,0,04d40632-aaf2-49f2-a709-95c2974a7838,510,classic,-71.15051883389242,False,False,True,42.414202132001854,128,Mass Ave at Broadway,510,"['CREDITCARD', 'KEY']"
[],C32095,19,1206f5c8-7d1f-4c32-9d65-f3e80186fbde,511,classic,-71.14636927843094,False,False,True,42.28611420958351,10,Bellevue T Stop,511,"['CREDITCARD', 'KEY']"
[],C32096,19,d7507124-4cab-4063-8445-a59a33a3d6e4,512,classic,-71.1365658044815,False,False,True,42.29376656473529,10,Knoll St at Centre St,512,"['CREDITCARD', 'KEY']"
[],C32097,12,66b0f341-a44a-4fa8-b04c-89a38de2950f,513,classic,-71.06300890445709,False,False,True,42.2911685327193,10,Roseland St At Dorchester Ave,513,"['CREDITCARD', 'KEY']"
[],S32046,19,57716f8d-c9ee-4768-8872-71343ec3ffd8,514,classic,-71.0946444,False,False,True,42.3867355,9,Gilman Square T at Medford St,514,"['CREDITCARD', 'KEY']"
[],M32073,19,00802fe6-4268-4dc8-8f55-0dbbc1665ce6,515,classic,-71.10998779535294,False,False,True,42.36895180540729,8,955 Mass Ave,515,"['CREDITCARD', 'KEY']"
[],T32001,11,5f726a7d-5c5d-48b1-9b13-06c77572a237,516,classic,-70.8806911110878,False,False,True,42.52189284110247,136,Salem Ferry Landing,516,"['CREDITCARD', 'KEY']"
[],T32002,15,ef6ef93b-488f-496b-afbf-3aedfd967129,517,classic,-70.87021440267563,False,False,True,42.53466911383265,136,Salem Willows Park,517,"['CREDITCARD', 'KEY']"
[],T32003,11,57f5003b-6574-40b3-83d7-3b5dee1472e0,518,classic,-70.88952362537384,False,False,True,42.51836788262243,136,Shetland Park - Congress at Peabody St,518,"['CREDITCARD', 'KEY']"
[],T32004,11,ee18dbd6-05b8-4d38-a120-f84c3499a77e,519,classic,-70.89570075273514,False,False,True,42.51803519796769,136,Mayor Salvo Path at Mill St,519,"['CREDITCARD', 'KEY']"
[],T32005,13,40e58976-02cc-4c7c-911f-7a6c97588bfa,520,classic,-70.89611113071442,False,False,True,42.52345239346618,136,Salem MBTA - Washington at Federal St,520,"['CREDITCARD', 'KEY']"
[],T32006,11,5f8ced09-665c-41e5-b67e-1e58fac21830,521,classic,-70.89183300733566,False,False,True,42.51142784358897,136,Lafayette at Leach St,521,"['CREDITCARD', 'KEY']"
[],T32007 ,15,c111ef1a-f276-415d-a95e-8e3c4e3a0c03,522,classic,-70.89478075504303,False,False,True,42.50182398896298,136,Salem State University - Bike Path at Loring Ave,522,"['CREDITCARD', 'KEY']"
[],N32009,17,ccd6fdd4-b39e-46d7-b43c-7bacffb6bd87,523,classic,-71.16708934307098,False,False,True,42.33987891612856,127,Boston College T,523,"['CREDITCARD', 'KEY']"
[],N32010,15,3c837bc0-fd08-49c4-adf5-0e9a98e918a7,524,classic,-71.2063729763031,False,False,True,42.322065656952944,127,Newton Highlands T,524,"['CREDITCARD', 'KEY']"
[],N32011,12,3de6e5da-9702-4623-8683-26abd98012a8,525,classic,-71.20236039161682,False,False,True,42.365148708129546,127,California at Chapel,525,"['CREDITCARD', 'KEY']"
[],N32012,15,dd8dee9d-d044-41d6-9371-8463cf9c671b,526,classic,-71.20668411254883,False,False,True,42.330062324402995,127,Beacon at Walnut,526,"['CREDITCARD', 'KEY']"
[],N32013,13,d8ce5f8b-2440-45e1-ab1c-23cb3bcbde84,527,classic,-71.207794547081,False,False,True,42.336203368830134,127,Newton Library,527,"['CREDITCARD', 'KEY']"
[],N32014,11,903b9b5d-4244-43e4-8441-0d17f9a994f7,528,classic,-71.20764970779419,False,False,True,42.351458116963016,127,Washington St at Walnut St,528,"['CREDITCARD', 'KEY']"
[],B32061,16,a3b94ed8-8301-4ec6-baf2-64ac493b5106,529,classic,-71.06135129928589,False,False,True,42.358477644348106,10,One Beacon St,529,"['CREDITCARD', 'KEY']"
[],S32047,19,0bc49982-74e9-4bbf-9991-e3d809d6319e,530,classic,-71.08071684837341,False,False,True,42.39301840035393,9,Foley St at Grand Union Blvd,530,"['CREDITCARD', 'KEY']"
[],K32017,15,a439fff7-8630-464c-b277-efca6f6bc664,531,classic,-71.12490355968475,False,False,True,42.3443517550051,4,Harvard St and Stedman St,531,"['CREDITCARD', 'KEY']"
[],M32074,19,940638c5-7cd0-4a11-899e-86af3868d400,532,classic,-71.1538877,False,False,True,42.390719,8,Concord Ave at Spinelli Place,532,"['CREDITCARD', 'KEY']"
[],M32075,19,a9d13461-7f0f-47b0-9a97-8ec9e9792865,533,classic,-71.139019,False,False,True,42.389456,8,Danehy Park at New Street,533,"['CREDITCARD', 'KEY']"
[],C32098,0,d87db7bd-8961-43fb-8cd6-8163c421b6c8,534,classic,-71.054689,False,False,True,42.286011,10,Adams Branch Library,534,"['CREDITCARD', 'KEY']"
[],N32015,15,6e340d8e-45db-4fd9-b6eb-b74ec73b0d3e,535,classic,-71.2477594614029,False,False,True,42.34805541493346,127,Auburndale,535,"['CREDITCARD', 'KEY']"
[],D32057,18,e519df41-c4d7-403a-9afa-a5dd7cdd2d03,536,classic,-71.05524927377701,False,False,True,42.3607028354884,10,Clinton St at North St,536,"['CREDITCARD', 'KEY']"
[],C32099,19,f836bc28-36a7-4ca6-bba6-0d75333d84bb,538,classic,-71.09171926975249,False,False,True,42.29704126420948,10,Circuit Drive at American Legion Hwy,538,"['CREDITCARD', 'KEY']"
[],C32102,19,2327cb08-fa9f-459b-9ab0-1a319b0f2f4c,539,classic,-71.09616905450821,False,False,True,42.31242399029812,10,Walnut Ave at School St,539,"['CREDITCARD', 'KEY']"
[],R32001,11,18e98210-d257-414a-92e3-8347c2cac9a5,540,classic,-70.99804848432541,False,False,True,42.408337058129746,126,Sumner St at Shirley Ave,540,"['CREDITCARD', 'KEY']"
[],R32002,11,e335fa7c-7adf-4360-9bfa-76b18124a56f,541,classic,-70.99272429943085,False,False,True,42.40715655698643,126,Orr Sq (Shirley Ave),541,"['CREDITCARD', 'KEY']"
[],C32100,0,a6d6d4b2-3666-43ad-a690-7f676bdcc3fd,542,classic,-71.12163126468657,False,False,True,42.26286746177123,10,Hyde Park Ave at Arlington St,542,"['CREDITCARD', 'KEY']"
[],C32101,19,5d17f129-af8c-4f30-bc58-6a8279052772,543,classic,-71.119903922081,False,False,True,42.27265394101898,10,American Legion Hwy at Hyde Park Ave,543,"['CREDITCARD', 'KEY']"
[],M32076,15,dede6d5f-7d62-496e-a8ca-d5a64afe39c1,544,classic,-71.1084133386612,False,False,True,42.35766247889882,8,Old Morse Park at Putnam Ave,544,"['CREDITCARD', 'KEY']"
[],C32103,15,b6a8522d-296d-4c05-887d-842374520780,545,classic,-71.080286,False,False,True,42.278747,10,Morton St at Gallivan Blvd,545,"['CREDITCARD', 'KEY']"
[],C32104,16,ed6c012e-6d6c-41e7-8e01-90749fd67575,546,classic,-71.12444,False,False,True,42.2556,10,Cleary Sq,546,"['CREDITCARD', 'KEY']"
[],C32105,18,be18593a-9e4c-4a13-8bb2-a5bac3d9b2b3,547,classic,-71.109725,False,False,True,42.28578,10,606 American Legion Hwy at Canterbury St,547,"['CREDITCARD', 'KEY']"
[],C32106,18,b23674a7-15a8-46d2-8219-6668acecf24a,548,classic,-71.11924,False,False,True,42.2681,10,555 Metropolitan Ave,548,"['CREDITCARD', 'KEY']"
[],A32053,24,3a6d94a7-9fee-41c5-b8cc-a8487c5e691b,549,classic,-71.05934903025626,False,False,True,42.36473898691789,10,Valenti Way at Haverhill St,549,"['CREDITCARD', 'KEY']"
[],S32048,17,61168d8b-20b7-46c8-8f08-6ae1f100c4e0,550,classic,-71.09601,False,False,True,42.3864,9,Somerville High School & Central Library,550,"['CREDITCARD', 'KEY']"
[],M32077,23,fe90d430-d33f-48b2-a5cd-bc161b220939,553,classic,-71.076198,False,False,True,42.371141,8,Cambridge Crossing at North First Street,553,"['CREDITCARD', 'KEY']"
[],B32062,15,bd1755dc-f26c-420e-85b3-fd025d0b5445,554,classic,-71.090511,False,False,True,42.339202,10,Forsyth St at Huntington Ave,554,"['CREDITCARD', 'KEY']"
[],E32013,15,d1a5e406-718c-44b9-b9dd-e63605b888aa,555,classic,-71.122509,False,False,True,42.2568376,10,Hyde Park Library,555,"['CREDITCARD', 'KEY']"
[],E32014,19,8b97606e-a849-4db8-ae9b-4009fe48d90b,556,classic,-71.1145523,False,False,True,42.2645666,10,Ross Playground,556,"['CREDITCARD', 'KEY']"
[],M32078,19,dcd76e42-eebc-4432-9726-cdb3372b0b07,557,classic,-71.0885418,False,False,True,42.3664204,8,Galileo Galilei Way at Fulkerson St/Binney St,557,"['CREDITCARD', 'KEY']"
[],B32063,18,dd008e3c-ff17-4c82-abe0-502272a62425,558,classic,-71.10124647617339,False,False,True,42.33329254719182,10,St. Alphonsus St at Tremont St,558,"['CREDITCARD', 'KEY']"
[],N32018,11,c23a4c0d-7e43-4042-80e2-7c894d07763b,559,classic,-71.1934421,False,False,True,42.3362358,127,Centre St at Commonwealth Ave,559,"['CREDITCARD', 'KEY']"
[],B32064,15,ab6517ea-ed53-42eb-8881-657d362e56e8,560,classic,-71.08767616843123,False,False,True,42.33420351352245,10,Flat 9 at Whittier,560,"['CREDITCARD', 'KEY']"
[],C32107,19,c1789d39-705f-4c03-9c14-4d6a3a4f4400,561,classic,-71.0446705,False,False,True,42.3502102,10,Pier 4 Blvd at Autumn Ln,561,"['CREDITCARD', 'KEY']"
[],T32008,9,f4a64c30-b97f-4ae5-b531-a11698b558d7,562,classic,-70.8903331,False,False,True,42.5223714,136,Hawthorne Boulevard,562,"['CREDITCARD', 'KEY']"
[],A32054,19,ca76adb6-4c84-4484-9ec3-b411b81ddbef,563,classic,-71.0151367,False,False,True,42.38518146513944,10,Addison St at Saratoga St,563,"['CREDITCARD', 'KEY']"
[],M32079,19,ff938129-8179-455c-9ac9-9fcb9fc0b6d5,564,classic,-71.12761001482795,False,False,True,42.38736953747185,8,Raymond Park at Walden St,564,"['CREDITCARD', 'KEY']"
[],V32014,19,8a404180-7c2e-4dbe-9489-c478ed959282,565,classic,-71.07573182424781,False,False,True,42.4023682,104,Wellington MBTA,565,"['CREDITCARD', 'KEY']"
[],M32080,23,0208190e-851c-417d-8bc7-1b218db97fbf,566,classic,-71.0915669,False,False,True,42.3629016,8,Main Street/Albany Street/Technology Square,566,"['CREDITCARD', 'KEY']"
[],D32058,19,9cc65d3d-cfcc-45ff-8f75-7264556b1cf9,567,classic,-71.1296752,False,False,True,42.3528376,10,Brighton Ave at Linden St,567,"['CREDITCARD', 'KEY']"
[],D32059,19,a9bc314b-a3fd-46e5-a63b-f005258bba5f,568,classic,-71.08038157224655,False,False,True,42.33584612997077,10,Shawmut Ave at Lenox St,568,"['CREDITCARD', 'KEY']"
[],D32060,23,e3f5d039-a49e-4b3b-ab4d-4efbef2068c6,569,classic,-71.0730457305908,False,False,True,42.38004534693313,10,Hood Park,569,"['CREDITCARD', 'KEY']"
[],T32009,11,12141b77-6e5f-444b-bace-2abf16db4fee,570,classic,-70.891444,False,False,True,42.503332,136,Salem State University - North Campus,570,"['CREDITCARD', 'KEY']"
[],T32010,11,52485851-e554-49de-ab9f-f536806d2d34,571,classic,-70.88693,False,False,True,42.506395,136,Forest River Park,571,"['CREDITCARD', 'KEY']"
[],T32011,11,54d86d05-b399-42c5-a63a-a97713afc5d4,572,classic,-70.905535,False,False,True,42.516223,136,Essex St at Dalton Parkway,572,"['CREDITCARD', 'KEY']"
[],T32012,11,6eaa7343-402d-41c9-9aac-8c664fdbdcf1,573,classic,-70.89684,False,False,True,42.523994,136,Salem MBTA - Lower Level,573,"['CREDITCARD', 'KEY']"
[],T32013,9,13883905-f5c7-48a4-9344-4fbd75de70df,574,classic,-70.906271,False,False,True,42.520136,136,Community Life Center,574,"['CREDITCARD', 'KEY']"
[],T32014,11,b44b7c3d-c054-4591-92a9-3b96d86050ab,575,classic,-70.910528,False,False,True,42.520897,136,Goodhue St at Grove St,575,"['CREDITCARD', 'KEY']"
[],F32001,11,6cec3afa-554c-466f-8323-5c619fe0ddc6,576,classic,-71.110444,False,False,True,42.411709,139,Main St at Brooks Park,576,"['CREDITCARD', 'KEY']"
[],F32002,11,6aebc664-1e3c-479f-8f65-2bae99215ed3,577,classic,-71.108102,False,False,True,42.417724,139,Medford Sq - Riverside Ave at River St,577,"['CREDITCARD', 'KEY']"
[],F32003,11,ee0fa23e-a6c2-474d-a6ef-bf581d63f1ae,578,classic,-71.106128,False,False,True,42.401697,139,Tufts Sq - Main St at Medford St,578,"['CREDITCARD', 'KEY']"
[],M32081,19,f9524971-e9f9-4572-aebc-580e48de042f,582,classic,-71.08634233665725,False,False,True,42.373079797934935,8,Gore Street at Lambert Street,582,"['CREDITCARD', 'KEY']"
[],M32082,19,2d32e355-faee-407b-9bb7-45d80ffb059a,583,classic,-71.08287078916874,False,False,True,42.36304549626695,8,Broad Canal Way at Third Street,583,"['CREDITCARD', 'KEY']"
[],G32001,11,f714390d-6874-43fa-a079-a07f83c79c7b,584,classic,-71.073179,False,False,True,42.426541,140,Malden Center T Station,584,"['CREDITCARD', 'KEY']"
[],G32002,11,eee3aab6-bd98-4d1f-8887-9c4e2adce482,585,classic,-71.067793,False,False,True,42.42386,140,Northern Strand at Main St,585,"['CREDITCARD', 'KEY']"
[],V32015,14,4f25f6ef-236b-43b4-8a92-68a24db0504b,586,classic,-71.0429,False,False,True,42.408156,104,Gramsdorf Playground,586,"['CREDITCARD', 'KEY']"
[],G32003,11,e4678b17-face-42c3-9b5f-98418d31e3b6,587,classic,-71.06393694877625,False,False,True,42.426537658440544,,Malden High School,587,"['CREDITCARD', 'KEY']"
